Surname	Culture
Bhuyan	Indian
Foucart	Belgian
Mir	Indian
Maji	Indian
Zhanda	Zimbabwean
Geldhof	Belgian
Magara	Zimbabwean
Muchingami	Zimbabwean
Koenen	Dutch
Ansari	Indian
Galletti	Italian
Dufour	Belgian
Madzimure	Zimbabwean
Mishra	Indian
Elliott	American
Simha	Indian
Arias	American
Mutamba	Zimbabwean
Patti	Italian
Roach	American
Hellemans	Belgian
Montoya	American
de Kok	Dutch
op de Beeck	Belgian
Malunga	Zimbabwean
Lefever	Belgian
Blom	Dutch
de Buck	Belgian
Newman	American
Mazumder	Indian
van Poucke	Belgian
Tshabalala	Zimbabwean
Brand	Dutch
Mwembe	Zimbabwean
Kembo	Zimbabwean
Groeneveld	Dutch
Bhise	Indian
Giovannini	Italian
Troch	Belgian
Tela	Indian
de Vlieger	Belgian
Proctor	American
Struyf	Belgian
Lungu	Zimbabwean
McCullough	American
Kuhn	American
Matema	Zimbabwean
Sparks	American
Trevisan	Italian
Vezzoli	Italian
Peek	Dutch
Mi	Indian
Soren	Indian
Charumbira	Zimbabwean
Stein	American
Piva	Italian
Nag	Indian
Mohammed	Indian
Nessa	Indian
Chikowore	Zimbabwean
Bruijn	Dutch
van Helden	Dutch
McKay	American
Mistri	Indian
Chawatama	Zimbabwean
Kortekaas	Dutch
Bogaert	Belgian
Cecchini	Italian
Thomassen	Dutch
Mukombwe	Zimbabwean
Franceschini	Italian
Torres	American
Sampson	American
Booij	Dutch
Banks	American
Hofstra	Dutch
Hembrom	Indian
Goremusandu	Zimbabwean
Dalui	Indian
van Dorst	Dutch
Peterson	American
Garner	American
van der Velden	Dutch
Pouw	Dutch
Galli	Italian
van den Berghe	Belgian
Saxena	Indian
Federico	Italian
Leenders	Dutch
Gioia	Italian
Giudice	Italian
Piacentini	Italian
Tara	Indian
Makavan	Indian
McMahon	American
Duchesne	Belgian
Dierickx	Belgian
Ndava	Zimbabwean
van der Valk	Dutch
Lecomte	Belgian
Klop	Dutch
Dabhi	Indian
Sahni	Indian
Botti	Italian
Dubuisson	Belgian
Maesen	Belgian
Scholtens	Dutch
Otten	Dutch
Bucci	Italian
Beijer	Dutch
Koning	Dutch
Curtis	American
Gevaert	Belgian
Léonard	Belgian
Blake	American
Pradhan	Indian
Pirozzi	Italian
Hernandez	American
di Gregorio	Italian
Chettri	Indian
Mestdagh	Belgian
Proost	Belgian
Leblanc	American
Govaerts	Belgian
Pyari	Indian
van Impe	Belgian
Klaver	Dutch
de Bruycker	Belgian
Kamat	Indian
Gasura	Zimbabwean
van Rooij	Dutch
Ticharwa	Zimbabwean
Masarakufa	Zimbabwean
Nzou	Zimbabwean
Sacchetti	Italian
Hunter	American
Bressan	Italian
Cummings	American
Naert	Belgian
Vir	Indian
Nijland	Dutch
Lamers	Dutch
Fiorentino	Italian
ten Berge	Dutch
Caiazzo	Italian
Madzima	Zimbabwean
Holloway	American
Croce	Italian
Harris	American
Brock	American
Ushe	Zimbabwean
Gargiulo	Italian
Nyanga	Zimbabwean
Delcourt	Belgian
Rizzi	Italian
Peluso	Italian
Guthrie	American
Sengupta	Indian
Conforti	Italian
Short	American
Bos	Dutch
Chiripanyanga	Zimbabwean
Nijmeijer	Dutch
Lepcha	Indian
Merola	Italian
Shepherd	American
van Mierlo	Dutch
Holvoet	Belgian
Chaturvedi	Indian
Zito	Italian
Verstrepen	Belgian
Ndebele	Zimbabwean
Delgado	American
Terry	American
Machisa	Zimbabwean
Chikuni	Zimbabwean
Vani	Indian
Nijhuis	Dutch
Sithole	Zimbabwean
Bosi	Italian
Cudasam	Indian
Ndemera	Zimbabwean
van der Burgt	Dutch
Kaitano	Zimbabwean
Daniel	American
Bassi	Italian
Montagna	Italian
Fiorentini	Italian
Truyens	Belgian
Gaddam	Indian
Giuliano	Italian
Chirwa	Zimbabwean
Mutare	Zimbabwean
Wanders	Dutch
Oneill	American
Veldkamp	Dutch
Santoro	Italian
lo Presti	Italian
Franken	Dutch
Arif	Indian
Evers	Dutch
Gayakwad	Indian
de Mol	Belgian
Mouton	Belgian
de Falco	Italian
Gonzo	Zimbabwean
Benvenuti	Italian
Kara	Indian
Joosten	Dutch
Machingura	Zimbabwean
Komboni	Zimbabwean
di Donato	Italian
Mapfumo	Zimbabwean
Errico	Italian
Vengesai	Zimbabwean
Chirara	Zimbabwean
Cantoni	Italian
Sheik	Indian
Kemper	Dutch
Makwarimba	Zimbabwean
Decorte	Belgian
Claus	Belgian
van Kleef	Dutch
Bee	Indian
Mazzone	Italian
Mavunga	Zimbabwean
Adema	Dutch
Leduc	Belgian
Blackburn	American
Gross	American
Crippa	Italian
Ayers	American
de Groote	Belgian
Dekeyser	Belgian
Romero	American
Swennen	Belgian
Dhibar	Indian
Swart	Dutch
Haley	American
Tinago	Zimbabwean
Biagini	Italian
Riva	Italian
Lindsey	American
Westerveld	Dutch
Naik	Indian
Schenk	Dutch
Adami	Italian
Marconi	Italian
Broos	Belgian
Chigumira	Zimbabwean
Long	American
Boogaard	Dutch
Melton	American
Muzembe	Zimbabwean
Benoit	Belgian
Hendriksen	Dutch
Parsad	Indian
Vamar	Indian
van der Veer	Dutch
de Waard	Dutch
van Aerschot	Belgian
Bajaj	Indian
Petrone	Italian
Ronchi	Italian
Waller	American
Abate	Italian
Henrard	Belgian
Vangeel	Belgian
Lohar	Indian
de Clercq	Belgian
Vis	Dutch
Geelen	Dutch
Bullock	American
Takaendesa	Zimbabwean
Svarup	Indian
Khumbula	Zimbabwean
Longhi	Italian
Vandenbulcke	Belgian
Hanssens	Belgian
Misal	Indian
Fusi	Italian
Hansada	Indian
Voogt	Dutch
Gandini	Italian
Gweshe	Zimbabwean
de Koning	Dutch
Rogge	Belgian
Elia	Italian
Khairnar	Indian
van Mechelen	Belgian
Roovers	Dutch
Vermeylen	Belgian
Msipha	Zimbabwean
Vervaeke	Belgian
van Malderen	Belgian
Baxter	American
Guerrieri	Italian
Fusco	Italian
Brady	American
Gutierrez	American
Nayek	Indian
Brennan	American
Dessi	Italian
Beltrami	Italian
Pieri	Italian
Dijkhuizen	Dutch
Datt	Indian
Fischer	American
Gohel	Indian
Herremans	Belgian
Delli	Italian
Galimberti	Italian
Monti	Italian
Chigumbu	Zimbabwean
Vagh	Indian
Bhagat	Indian
Kroes	Dutch
Hoek	Dutch
Cohen	American
Carlucci	Italian
Chakraborty	Indian
Miceli	Italian
de Cooman	Belgian
van Geffen	Dutch
Mendoza	American
Nagel	Dutch
Longo	Italian
van Alphen	Dutch
Matashu	Zimbabwean
Bhatra	Indian
Munenge	Zimbabwean
Nkala	Zimbabwean
Napolitano	Italian
McGowan	American
Oneal	American
Aiello	Italian
Prince	American
Meijers	Dutch
Vansteenkiste	Belgian
Arnold	American
Rossini	Italian
Lynn	American
Lens	Belgian
Hartog	Dutch
Dalai	Indian
Lienard	Belgian
Maessen	Dutch
Deleon	American
Doms	Belgian
Jagtap	Indian
Godfroid	Belgian
McCall	American
Bose	Indian
Rocca	Italian
Kahar	Indian
van Iersel	Dutch
Weijers	Dutch
Grossi	Italian
Dutt	Indian
Stafford	American
Fierens	Belgian
Dujardin	Belgian
Benhura	Zimbabwean
Chatterjee	Indian
Gorman	American
Ghosh	Indian
Meli	Italian
Vandenberghe	Belgian
Ouwerkerk	Dutch
Cattaneo	Italian
Heemskerk	Dutch
Pati	Indian
Gumpo	Zimbabwean
Tandi	Zimbabwean
de Keijzer	Dutch
Dejonghe	Belgian
Mlambo	Zimbabwean
Baraldi	Italian
Hermsen	Dutch
Midya	Indian
van Lierop	Dutch
Zijlstra	Dutch
Lin	American
Kamba	Zimbabwean
Mawarire	Zimbabwean
van Laer	Belgian
de Bruyne	Belgian
Kumbula	Zimbabwean
Walraven	Dutch
van Gent	Dutch
van der Straeten	Belgian
Gatta	Italian
Nsingo	Zimbabwean
den Hartog	Dutch
Rensen	Dutch
de Haan	Dutch
van der Veken	Belgian
Badza	Zimbabwean
Kour	Indian
Svosve	Zimbabwean
Terlouw	Dutch
Heirman	Belgian
Masara	Zimbabwean
Gamar	Indian
Paganelli	Italian
Mapuranga	Zimbabwean
Overbeek	Dutch
Munsaka	Zimbabwean
Jasi	Zimbabwean
Molinari	Italian
Casagrande	Italian
Vergauwen	Belgian
Nahak	Indian
Demeulemeester	Belgian
Bhunia	Indian
McMillan	American
van Lierde	Belgian
Saizi	Zimbabwean
de Groof	Belgian
Jonga	Zimbabwean
Lohara	Indian
Rosales	American
Gamit	Indian
Vereecken	Belgian
Simeone	Italian
Edwards	American
Chipara	Zimbabwean
van Roy	Belgian
Mushayi	Zimbabwean
Forte	Italian
Frasca	Italian
Barker	American
Desmedt	Belgian
Gabriele	Italian
Bhosle	Indian
Kazembe	Zimbabwean
Evrard	Belgian
Sweeney	American
Antonini	Italian
Maddox	American
Cools	Belgian
Khot	Indian
Totaro	Italian
Marin	Italian
Parente	Italian
Wallace	American
Vergani	Italian
Nyikayaramba	Zimbabwean
van Dongen	Dutch
Moreels	Belgian
FitzGerald	American
Testa	Italian
di Maggio	Italian
Vega	American
Gilmore	American
Valerio	Italian
Sahani	Indian
Shangwa	Zimbabwean
Burgers	Dutch
Coene	Belgian
Pozzi	Italian
Standaert	Belgian
Vitali	Italian
Best	American
Steele	American
Bevilacqua	Italian
Debnath	Indian
Wyatt	American
Wiggers	Dutch
Orozco	American
André	Belgian
Moens	Belgian
Gregoire	Belgian
Mapiye	Zimbabwean
Vanhove	Belgian
Shaffer	American
Chimuka	Zimbabwean
Beg	Indian
Todaro	Italian
Iannone	Italian
Foglia	Italian
Maturure	Zimbabwean
Bassani	Italian
Bihari	Indian
Bhat	Indian
Wevers	Dutch
de Rycke	Belgian
Briers	Belgian
Rao	Indian
Rout	Indian
Rowe	American
Negri	Italian
Vrancken	Belgian
Collier	American
Ciccone	Italian
Vandevelde	Belgian
Guarino	Italian
de Haas	Dutch
Diallo	Belgian
Riddle	American
Crawford	American
Nyamazana	Zimbabwean
Bezemer	Dutch
van Houten	Dutch
Simango	Zimbabwean
Mahieu	Belgian
Vaughan	American
Karmakar	Indian
Barra	Italian
Aalam	Indian
Bruni	Italian
Manyange	Zimbabwean
Lynch	American
Hanson	American
Jadoul	Belgian
Tudu	Indian
Bartoli	Italian
Rios	American
Rajbhar	Indian
Dei	Indian
van Eynde	Belgian
Muzambi	Zimbabwean
Shende	Indian
van der Ham	Dutch
Guerrero	American
Salam	Indian
Utete	Zimbabwean
Roelants	Belgian
Lemoine	Belgian
Mbedzi	Zimbabwean
Kumari	Indian
Repetto	Italian
Battistini	Italian
Poli	Italian
Mashanda	Zimbabwean
Soni	Indian
Kulkarni	Indian
Kalam	Indian
van den Bossche	Belgian
Tonelli	Italian
Dominici	Italian
Nand	Indian
Mhere	Zimbabwean
Winkel	Dutch
Trotta	Italian
Feys	Belgian
Bai	Indian
van Gelder	Dutch
Clemente	Italian
Bhowmick	Indian
Chingwaru	Zimbabwean
Madziva	Zimbabwean
Usai	Italian
Reang	Indian
Mohanta	Indian
Felici	Italian
Chirume	Zimbabwean
Mugabe	Zimbabwean
Ewing	American
Dar	Indian
Gilson	Belgian
de Vries	Dutch
Mashava	Zimbabwean
Sandri	Italian
Mafa	Zimbabwean
Paquay	Belgian
Drake	American
Mahuni	Zimbabwean
van Dommelen	Dutch
Vanhoof	Belgian
Lokhande	Indian
Lancaster	American
van der Zande	Dutch
Friedman	American
Nhidza	Zimbabwean
Tol	Dutch
Keizer	Dutch
Mutemeri	Zimbabwean
van de Wiele	Belgian
Gargano	Italian
de Rooij	Dutch
Mukombe	Zimbabwean
Nicoletti	Italian
Sarkar	Indian
Verfaillie	Belgian
Muyambo	Zimbabwean
Shri	Indian
Campana	Italian
Chipanga	Zimbabwean
Lolli	Italian
Sarti	Italian
Breugelmans	Belgian
Cioffi	Italian
de Wachter	Belgian
Baudoux	Belgian
Plomp	Dutch
Katsande	Zimbabwean
Chavez	American
Gardner	American
van der Weijden	Dutch
Ashley	American
Mbengo	Zimbabwean
de Prins	Belgian
Devos	Belgian
Mancinelli	Italian
Scala	Italian
Cooley	American
Dalle	Italian
Ceuppens	Belgian
Makondo	Zimbabwean
Valli	Italian
Gatti	Italian
Beeckmans	Belgian
Coolen	Dutch
Pattnayak	Indian
Wisse	Dutch
van den Berg	Dutch
Shaik	Indian
Barbera	Italian
Panchaal	Indian
Hofstede	Dutch
Manni	Italian
Swami	Indian
Smulders	Dutch
Prajapati	Indian
Curti	Italian
Versluis	Dutch
Nielsen	American
Massey	American
Luijten	Dutch
Munkuli	Zimbabwean
Tortora	Italian
de Winne	Belgian
Aarts	Dutch
Schonewille	Dutch
Cortesi	Italian
Chigora	Zimbabwean
Staelens	Belgian
Donders	Dutch
Matera	Italian
Witte	Dutch
de Waele	Belgian
Gamble	American
Choga	Zimbabwean
Hancock	American
Choto	Zimbabwean
van Lent	Dutch
Tsoka	Zimbabwean
Avila	American
Scheffer	Dutch
Vandamme	Belgian
Pool	Dutch
Scholte	Dutch
Invernizzi	Italian
Vaughn	American
Cobb	American
Colangelo	Italian
Pols	Dutch
de Wulf	Belgian
Nyamadzawo	Zimbabwean
Pasipanodya	Zimbabwean
de Weerd	Dutch
Raeymaekers	Belgian
Hatfield	American
Blaauw	Dutch
Stroobants	Belgian
Gavit	Indian
Panganai	Zimbabwean
Bruyninckx	Belgian
Bronkhorst	Dutch
Ngundu	Zimbabwean
Bush	American
van der Woude	Dutch
Dominguez	American
Mazhindu	Zimbabwean
de Bont	Dutch
Marshall	American
di Pietro	Italian
Tamanikwa	Zimbabwean
Madziya	Zimbabwean
Lombardi	Italian
den Boer	Dutch
Sada	Indian
Vercruysse	Belgian
Mutetwa	Zimbabwean
Molla	Indian
Mariën	Belgian
Vazquez	American
Geerlings	Dutch
Krishn	Indian
Swinnen	Belgian
Glass	American
Saroj	Indian
Mbewe	Zimbabwean
Shoko	Zimbabwean
Chiminya	Zimbabwean
Vanakar	Indian
Sharp	American
Delle	Italian
Santangelo	Italian
Dewa	Zimbabwean
van Dijk	Dutch
Bernasconi	Italian
Mathe	Zimbabwean
Makura	Zimbabwean
Gavande	Indian
Stam	Dutch
Mathew	Indian
Saenen	Belgian
Mutero	Zimbabwean
van der Pol	Dutch
Soko	Zimbabwean
Bowers	American
Gallina	Italian
Heijmans	Dutch
Verhaert	Belgian
Iorio	Italian
Mudi	Indian
Manatsa	Zimbabwean
Matenga	Zimbabwean
Slot	Dutch
Maione	Italian
Machokoto	Zimbabwean
Mistry	Indian
Medina	American
Milanzi	Zimbabwean
Parks	American
Pirard	Belgian
Beevi	Indian
Bartlett	American
Scognamiglio	Italian
Chakauya	Zimbabwean
Boot	Dutch
Ras	Dutch
Peter	Zimbabwean
Mabhiza	Zimbabwean
Corso	Italian
Veremu	Zimbabwean
Roth	American
Maugeri	Italian
Knaepen	Belgian
Verschuren	Dutch
Kushavaha	Indian
Nyoka	Zimbabwean
Fioravanti	Italian
Armstrong	American
Urso	Italian
Rush	American
Panja	Indian
Ubhai	Indian
Gubbels	Dutch
Pegoraro	Italian
van Bergen	Dutch
Hubert	Belgian
Arends	Dutch
Ceccarelli	Italian
Marelli	Italian
ter Haar	Dutch
Dhont	Belgian
de Baets	Belgian
Chidhakwa	Zimbabwean
van Campenhout	Belgian
Blankenship	American
de Schrijver	Belgian
Moors	Belgian
Theunis	Belgian
Manyika	Zimbabwean
Honsa	Indian
Matsika	Zimbabwean
Samyn	Belgian
Evans	American
Mees	Belgian
Chivanga	Zimbabwean
Dhar	Indian
van Boven	Dutch
Scotti	Italian
Dlamini	Zimbabwean
Sorrentino	Italian
Medici	Italian
Berendsen	Dutch
Reynders	Belgian
Chinyanga	Zimbabwean
Christian	American
Hemaram	Indian
Everaert	Belgian
Mushoriwa	Zimbabwean
Gori	Italian
Atkinson	American
Thombare	Indian
Magwaza	Zimbabwean
Mavhunga	Zimbabwean
Gomo	Zimbabwean
Sil	Indian
Knapp	American
Lloyd	American
de Potter	Belgian
McGee	American
Vergote	Belgian
Paolucci	Italian
Lubbers	Dutch
Mercuri	Italian
Zikhali	Zimbabwean
D'Ambrosio	Italian
Solank	Indian
Hopkins	American
Blomme	Belgian
Bhatt	Indian
van Buuren	Dutch
Chapelle	Belgian
Buzzi	Italian
Webb	American
Salinas	American
Murwisi	Zimbabwean
Dev	Indian
Verboven	Belgian
Prinsen	Dutch
Descamps	Belgian
Dunn	American
Courtois	Belgian
Byrd	American
Aelbrecht	Belgian
Gopal	Indian
Fontana	Italian
Garg	Indian
Leon	American
van Dyck	Belgian
Lehman	American
van de Voorde	Belgian
Vitiello	Italian
Little	American
Rossetti	Italian
van Noort	Dutch
Longoni	Italian
Bonanno	Italian
Ndlovu	Zimbabwean
Casu	Italian
van Breugel	Dutch
Mensink	Dutch
Linders	Dutch
Zimba	Zimbabwean
Manyara	Zimbabwean
Mercer	American
Renier	Belgian
de Paepe	Belgian
Fortunato	Italian
Halder	Indian
Groenewegen	Dutch
Shek	Indian
Vala	Indian
van Acker	Belgian
Goodman	American
McIntosh	American
Mattei	Italian
Ledoux	Belgian
Chetia	Indian
Bell	American
Siciliano	Italian
Phiri	Zimbabwean
Leonardi	Italian
Sechi	Italian
Reynaert	Belgian
Jha	Indian
Gedam	Indian
Vundla	Zimbabwean
Demey	Belgian
Figueroa	American
Cortese	Italian
D'Alessandro	Italian
Goel	Indian
Valentine	American
Giannini	Italian
Delmotte	Belgian
Vara	Indian
Govers	Dutch
Filippi	Italian
Brandsma	Dutch
Andries	Belgian
Nair	Indian
van Eijk	Dutch
Bind	Indian
van Hoorn	Dutch
Lardinois	Belgian
Dwivedi	Indian
Somma	Italian
Tomu	Zimbabwean
Machona	Zimbabwean
Mahananda	Indian
Alberts	Dutch
de Luca	Italian
Verstraeten	Belgian
Cavhan	Indian
Allison	American
Manjengwa	Zimbabwean
Chitsike	Zimbabwean
Montanari	Italian
Thornton	American
Shelke	Indian
Bharti	Indian
Mudyiwa	Zimbabwean
Ham	Dutch
Brunetti	Italian
Benassi	Italian
Talukdar	Indian
Lorusso	Italian
Mhishi	Zimbabwean
Thiry	Belgian
Nyathi	Zimbabwean
Bury	Belgian
Horne	American
Fois	Italian
van Hulle	Belgian
Roma	Italian
Shonhiwa	Zimbabwean
Vianello	Italian
Hwata	Zimbabwean
Pi	Indian
Buckley	American
Mochi	Indian
Kamal	Indian
Boyle	American
Raimondi	Italian
Bi	Indian
Basha	Indian
Chaudhari	Indian
Chutia	Indian
Mati	Indian
Kothari	Indian
Moretti	Italian
Munkombwe	Zimbabwean
Bobo	Zimbabwean
Huisman	Dutch
Samad	Indian
Horemans	Belgian
Marongedza	Zimbabwean
van Zijl	Dutch
Vandevoorde	Belgian
Jaya	Indian
Schuurmans	Dutch
Mejia	American
Caldwell	American
Routh	Indian
Musekiwa	Zimbabwean
Willemsen	Dutch
Jones	American
Bonfanti	Italian
Bruschi	Italian
Beek	Dutch
Hak	Indian
Luciano	Italian
Ploeg	Dutch
Ekka	Indian
Roels	Belgian
Giardina	Italian
van der Bosch	Dutch
Mostert	Dutch
Granata	Italian
Wade	American
Chiyangwa	Zimbabwean
Spijker	Dutch
Musiiwa	Zimbabwean
Schepens	Belgian
Hendricks	American
Masiya	Zimbabwean
Cascone	Italian
Marumisa	Zimbabwean
Nolan	American
Mala	Indian
Msebele	Zimbabwean
Lozano	American
Ross	American
van Vliet	Dutch
van Oosterhout	Dutch
Wagenaar	Dutch
Mahajan	Indian
Drenth	Dutch
Orain	Indian
Wells	American
Avery	American
Prakash	Indian
Kamble	Indian
Goswami	Indian
de Boeck	Belgian
Kirk	American
Parveen	Indian
Micheli	Italian
Bari	Indian
Pahan	Indian
van der Bijl	Dutch
Kaiser	American
Tsingano	Zimbabwean
Kishor	Indian
Chakanyuka	Zimbabwean
Corrado	Italian
Stefani	Italian
Hulst	Dutch
Shukla	Indian
van der Laar	Dutch
Vaghari	Indian
van Hove	Belgian
Schiavon	Italian
Mahapatra	Indian
de Schryver	Belgian
Lowery	American
Napoli	Italian
Caudhari	Indian
Bol	Dutch
D'Errico	Italian
Bathula	Indian
Pradhana	Indian
Carey	American
Paulus	Belgian
Rosso	Italian
Lammers	Dutch
Sexton	American
van der Schaaf	Dutch
Dams	Belgian
Minz	Indian
Groenewoud	Dutch
Snoeck	Belgian
de Rosa	Italian
Govaert	Belgian
Masunga	Zimbabwean
Blair	American
Muradzikwa	Zimbabwean
Cavalli	Italian
Zondo	Zimbabwean
Leemans	Belgian
Patil	Indian
Ferrari	Italian
Pavesi	Italian
Chen	American
Vaccari	Italian
Brambilla	Italian
Angelini	Italian
Robertson	American
Franceschi	Italian
Franchini	Italian
Barr	American
Pavra	Indian
van Es	Dutch
Everett	American
Oconnor	American
Kennedy	American
Shankar	Indian
Brink	Dutch
van der Hout	Dutch
Chitate	Zimbabwean
Mazarura	Zimbabwean
Pierard	Belgian
Barrett	American
Joe	Zimbabwean
Kuvar	Indian
van den Steen	Belgian
Sullivan	American
Zishiri	Zimbabwean
Cowan	American
Chigwada	Zimbabwean
Merckx	Belgian
Saracino	Italian
van Hemert	Dutch
Adkins	American
Kundu	Indian
Padhi	Indian
Theys	Belgian
Tivari	Indian
di Benedetto	Italian
Harms	Dutch
Maregere	Zimbabwean
Reddy	Indian
Veca	Indian
Makiwa	Zimbabwean
Dijkstra	Dutch
Camacho	American
Bond	American
Denga	Zimbabwean
Munoz	American
Majumder	Indian
Maravanyika	Zimbabwean
Blockx	Belgian
Sundar	Indian
Sutradhar	Indian
Ganta	Indian
Marzano	Italian
Proietti	Italian
Booth	American
McDonald	American
Poot	Dutch
Raj	Indian
Din	Indian
Keith	American
Palmer	American
Murombo	Zimbabwean
Khabo	Zimbabwean
Lenoir	Belgian
Flament	Belgian
Bernaerts	Belgian
Dyer	American
Mazzoleni	Italian
Sterk	Dutch
McNeil	American
Moes	Dutch
Pennings	Dutch
Pini	Italian
Diana	Italian
Allen	American
Rietveld	Dutch
de Marchi	Italian
Christensen	American
Balzano	Italian
Marano	Italian
Owen	American
van den Boogaard	Dutch
van Erp	Dutch
Nota	Zimbabwean
Rogers	American
Mehata	Indian
Walsh	American
van Dalen	Dutch
Ghoshal	Indian
Faulkner	American
Bini	Italian
Liekens	Belgian
Higgins	American
Gillard	Belgian
Drago	Italian
Martini	Italian
de Mey	Belgian
Jordens	Belgian
Braem	Belgian
Sardar	Indian
Mutyambizi	Zimbabwean
Shannon	American
Mataga	Zimbabwean
van der Sluijs	Dutch
Mudavanhu	Zimbabwean
Nyasha	Zimbabwean
Mahato	Indian
Villanueva	American
Speranza	Italian
Myambo	Zimbabwean
Riccio	Italian
Wery	Belgian
Bruins	Dutch
Petrini	Italian
Hall	American
Smekens	Belgian
Leo	Italian
Reid	American
van der Heide	Dutch
Giles	American
van Laarhoven	Dutch
Gilis	Belgian
Akkerman	Dutch
Haladar	Indian
Mukozho	Zimbabwean
Lim	American
Bosio	Italian
Poncelet	Belgian
Bolton	American
Spada	Italian
Castaneda	American
Mahtre	Indian
Kisku	Indian
Whitaker	American
Jose	Indian
Rosseel	Belgian
di Stefano	Italian
ten Brinke	Dutch
Benedetto	Italian
Goffinet	Belgian
van Roon	Dutch
Spears	American
Visscher	Dutch
Akkermans	Dutch
Nyamande	Zimbabwean
Lucchini	Italian
Ahamad	Indian
Blanckaert	Belgian
Carter	American
Decock	Belgian
D'Andrea	Italian
Parekh	Indian
Bhushan	Indian
King	American
Le	American
Musona	Zimbabwean
Staes	Belgian
Benjamins	Dutch
Raes	Belgian
Carr	American
McKenzie	American
Albanese	Italian
Cecconi	Italian
Gonese	Zimbabwean
Roland	Belgian
Trevino	American
Ruiz	American
Abdul	Indian
Perrotta	Italian
Vandecasteele	Belgian
Clay	American
Zuidema	Dutch
Muzamba	Zimbabwean
Chitumba	Zimbabwean
Boots	Dutch
Pruitt	American
Rodenburg	Dutch
Marks	American
Arrigoni	Italian
Farley	American
Josi	Indian
Spruit	Dutch
Lentini	Italian
Mukuze	Zimbabwean
Mitra	Indian
Cooper	American
Chaney	American
Willaert	Belgian
Moody	American
Gill	American
Magwenzi	Zimbabwean
Cozzi	Italian
Maya	Indian
Beltrame	Italian
van Eck	Dutch
Berghmans	Belgian
Bhandari	Indian
Capra	Italian
Ghislain	Belgian
Ngwaru	Zimbabwean
Pasquini	Italian
Dam	Dutch
Sonowal	Indian
Tytgat	Belgian
Horst	Dutch
Casey	American
Meki	Zimbabwean
Boyer	American
Mleya	Zimbabwean
van Dessel	Belgian
Flores	American
de Graaf	Dutch
Marechal	Belgian
Frye	American
van der Haar	Dutch
Tripodi	Italian
Tavengwa	Zimbabwean
da Silva	Belgian
Masocha	Zimbabwean
Togara	Zimbabwean
Mulla	Indian
Mori	Italian
Stuart	American
Mo	Indian
Kaufman	American
McCormick	American
Finocchiaro	Italian
Chareka	Zimbabwean
Goronga	Zimbabwean
Musariri	Zimbabwean
Paramar	Indian
Veltman	Dutch
Carlini	Italian
Bisschop	Dutch
de Corte	Belgian
Briggs	American
Chikono	Zimbabwean
Mangena	Zimbabwean
Schutte	Dutch
Koot	Dutch
Jaha	Indian
Kahari	Zimbabwean
Nagels	Belgian
Bootsma	Dutch
Tirkey	Indian
Mutete	Zimbabwean
McPherson	American
Zireva	Zimbabwean
Collart	Belgian
Hop	Dutch
Stolk	Dutch
van der Kooij	Dutch
Chand	Indian
Bernardi	Italian
Olson	American
Gerritsen	Dutch
Viola	Italian
Danda	Zimbabwean
van Diepen	Dutch
Mathur	Indian
Zanetti	Italian
Mudzengerere	Zimbabwean
Siddiqui	Indian
van Beers	Dutch
Hens	Belgian
Ferraris	Italian
Ayala	American
Baruah	Indian
Vandenbroucke	Belgian
Ghorai	Indian
Gorai	Indian
Rabidas	Indian
Thijs	Belgian
Merritt	American
Blackwell	American
Galloway	American
Majoni	Zimbabwean
Seynaeve	Belgian
Tachiona	Zimbabwean
Giordani	Italian
Zinyama	Zimbabwean
Tevera	Zimbabwean
Buurman	Dutch
Tagwireyi	Zimbabwean
Velez	American
Davies	American
Andreoli	Italian
Francis	American
Shayamano	Zimbabwean
Morton	American
van Hecke	Belgian
de Neef	Belgian
Chikanya	Zimbabwean
Meganck	Belgian
Koenders	Dutch
Sacchi	Italian
Muzanenhamo	Zimbabwean
van Velzen	Dutch
Longobardi	Italian
Nyatsanga	Zimbabwean
Kshetrapal	Indian
Gawde	Indian
de Meester	Belgian
Marak	Indian
Stucchi	Italian
Strik	Dutch
Barik	Indian
Sherman	American
Bosco	Italian
de Visscher	Belgian
Stone	American
Campanella	Italian
Broere	Dutch
Migliaccio	Italian
Consoli	Italian
Horton	American
Cozzolino	Italian
Magama	Zimbabwean
Bhalerao	Indian
Matekenya	Zimbabwean
Ndongwe	Zimbabwean
Bruinsma	Dutch
Phtrt	Zimbabwean
Roelandt	Belgian
Kenis	Belgian
Madondo	Zimbabwean
Munyuki	Zimbabwean
Matteucci	Italian
Murefu	Zimbabwean
Pujar	Indian
Sawyer	American
Sonvane	Indian
Ramteke	Indian
Mitchell	American
Vaidya	Indian
Corti	Italian
Piret	Belgian
Chidakwa	Zimbabwean
Alvarez	American
François	Belgian
Zanni	Italian
Gérard	Belgian
Goldstein	American
Narayan	Indian
Klok	Dutch
Musemwa	Zimbabwean
Mudonhi	Zimbabwean
Olthof	Dutch
Hamilton	American
McDaniel	American
Morini	Italian
Bellens	Belgian
Sixpence	Zimbabwean
Noble	American
Marino	Italian
Katerere	Zimbabwean
Remy	Belgian
Church	American
Nyamupfukudza	Zimbabwean
Chigwida	Zimbabwean
Pizzo	Italian
Groot	Dutch
Ballard	American
van Riel	Dutch
Hull	American
Vankhade	Indian
Pugliese	Italian
Mathieu	Belgian
Baroni	Italian
Lamb	American
Mawere	Zimbabwean
Oerlemans	Dutch
Andersen	American
Tom	Zimbabwean
Hulshof	Dutch
Sartori	Italian
Hamandishe	Zimbabwean
de Vita	Italian
Runganga	Zimbabwean
Giri	Indian
Carnevale	Italian
Jeche	Zimbabwean
Kola	Indian
van Mol	Belgian
Mhako	Zimbabwean
Ingle	Indian
di Martino	Italian
Nyandoro	Zimbabwean
Cavallaro	Italian
Dumoulin	Belgian
Steenbergen	Dutch
Mlotshwa	Zimbabwean
Ndimande	Zimbabwean
Karri	Indian
Chibaya	Zimbabwean
Gaines	American
Luciani	Italian
Vandewalle	Belgian
Vermaas	Dutch
Gutsa	Zimbabwean
Choudhury	Indian
Rocco	Italian
Rhodes	American
Garau	Italian
Nesha	Indian
Ciccarelli	Italian
Munodawafa	Zimbabwean
Hoogland	Dutch
Pacini	Italian
Kaushik	Indian
Gangurde	Indian
Meunier	Belgian
Kindt	Belgian
Tadvi	Indian
Ranganai	Zimbabwean
Ndaba	Zimbabwean
Pham	American
Zini	Italian
Donati	Italian
Westerhof	Dutch
Malek	Indian
Brekelmans	Dutch
Lippens	Belgian
Matavire	Zimbabwean
Bolt	Dutch
Marcucci	Italian
Cosentino	Italian
Patrick	American
Nijenhuis	Dutch
Good	American
Bekkers	Dutch
Costello	American
Van Ingen	Dutch
de Roover	Belgian
van den Broek	Dutch
Haverkamp	Dutch
Semeraro	Italian
Bora	Indian
Rana	Indian
Tate	American
Sekha	Indian
Delfino	Italian
Rabar	Indian
Luongo	Italian
Dehon	Belgian
Hughes	American
Bonte	Belgian
Tamboli	Indian
Fatma	Indian
Levy	American
Ramsey	American
Moreno	American
Mutanga	Zimbabwean
Joly	Belgian
Furlan	Italian
Key	American
Shinde	Indian
Guarnieri	Italian
Geens	Belgian
Nandi	Indian
Warner	American
Parmar	Indian
Debacker	Belgian
Griffith	American
Panday	Indian
Doornbos	Dutch
Poddar	Indian
Cardenas	American
Kali	Indian
Verbeke	Belgian
Mol	Dutch
Leysen	Belgian
Jiri	Zimbabwean
Parodi	Italian
Burgess	American
Hoogendijk	Dutch
Lindsay	American
Chihuri	Zimbabwean
Pascale	Italian
Demuynck	Belgian
Sikkema	Dutch
Ferrante	Italian
Skinner	American
Ghule	Indian
Jensen	American
Pol	Dutch
Khatoon	Indian
Isah	Indian
Delcroix	Belgian
Chiesa	Italian
Dasari	Indian
de Backer	Belgian
Toonen	Dutch
Veldhuis	Dutch
Murray	American
Rangwani	Zimbabwean
van Cutsem	Belgian
Geukens	Belgian
Ragusa	Italian
Bentley	American
Cipriani	Italian
Nicolas	Belgian
Bettini	Italian
Ferrara	Italian
Kalita	Indian
Gates	American
Bleeker	Dutch
Magora	Zimbabwean
van der Wetering	Dutch
de Muynck	Belgian
Dorsey	American
Giuliani	Italian
Vaessen	Dutch
Wissink	Dutch
Grassi	Italian
Browning	American
Goyal	Indian
Kambarami	Zimbabwean
Begum	Indian
Jera	Zimbabwean
Agarwal	Indian
Banoo	Indian
Mangezi	Zimbabwean
Devkar	Indian
Nijboer	Dutch
Meurs	Dutch
Pisano	Italian
Kooiman	Dutch
Niemeijer	Dutch
Santini	Italian
Cuomo	Italian
Mabuto	Zimbabwean
Snauwaert	Belgian
Dick	Zimbabwean
Brugman	Dutch
May	American
Delaney	American
Nyashanu	Zimbabwean
Acevedo	American
Aggarwal	Indian
Varghese	Indian
Mukarati	Zimbabwean
Khanra	Indian
Porter	American
van Goethem	Belgian
Gurure	Zimbabwean
Dethier	Belgian
Kakde	Indian
Mujaji	Zimbabwean
Middleton	American
Rubio	American
Deconinck	Belgian
Mutale	Zimbabwean
Jaiswal	Indian
Juru	Zimbabwean
Young	American
Zhou	Zimbabwean
Bouckaert	Belgian
Annunziata	Italian
Bourguignon	Belgian
Pittman	American
Chingombe	Zimbabwean
Marchese	Italian
Wellens	Belgian
Guida	Italian
Cornelisse	Dutch
Kranenburg	Dutch
Mudimba	Zimbabwean
Kamphuis	Dutch
Shepard	American
Trujillo	American
Pollard	American
van der Poel	Dutch
van den Abeele	Belgian
Rwizi	Zimbabwean
van der Heyden	Belgian
Jim	Zimbabwean
Hanyani	Zimbabwean
Maggi	Italian
Zengeni	Zimbabwean
van Cauter	Belgian
Pavar	Indian
Knockaert	Belgian
Gundani	Zimbabwean
Viaene	Belgian
Huart	Belgian
Kemp	American
Berto	Italian
Chipangura	Zimbabwean
Macias	American
Clerici	Italian
Yilmaz	Belgian
Vleugels	Belgian
de Boer	Dutch
Franck	Belgian
Tedeschi	Italian
Gustin	Belgian
Buchanan	American
van Essen	Dutch
Paramanik	Indian
Poletti	Italian
Macri	Italian
Praet	Belgian
Monteleone	Italian
Rajbanshi	Indian
More	Indian
Pratap	Indian
Stas	Belgian
Rozema	Dutch
Fletcher	American
Wuyts	Belgian
Warmerdam	Dutch
Mudau	Zimbabwean
Nardi	Italian
Hembram	Indian
Amoroso	Italian
McIntyre	American
Snow	American
Zegers	Dutch
Mehta	Indian
Marsman	Dutch
Hasada	Indian
Shereni	Zimbabwean
Makumbe	Zimbabwean
Hurst	American
Burke	American
Frigerio	Italian
Ramakers	Dutch
Geuens	Belgian
Callebaut	Belgian
Fuentes	American
Hurley	American
Davis	American
Hasda	Indian
Bhoi	Indian
Van	Zimbabwean
Mtetwa	Zimbabwean
van Osch	Dutch
Eggermont	Belgian
Payne	American
Vuylsteke	Belgian
Mudarikwa	Zimbabwean
Mpala	Zimbabwean
van der Plas	Dutch
Damiano	Italian
Bandini	Italian
Tomasi	Italian
Chapwanya	Zimbabwean
Staal	Dutch
Campos	American
Mangwiro	Zimbabwean
Groenen	Dutch
Baeten	Belgian
Mal	Indian
Wall	American
Ho	American
Modica	Italian
Berti	Italian
Ruelle	Belgian
Lisi	Italian
Oliver	American
Walls	American
van der Hoek	Dutch
Makwara	Zimbabwean
Rusconi	Italian
Clarke	American
Bongiovanni	Italian
Salvadori	Italian
de Jonghe	Belgian
Atkins	American
van der Meer	Dutch
Swanson	American
Masih	Indian
Holt	American
Chauhan	Indian
Sabar	Indian
Dewulf	Belgian
Vance	American
Vercammen	Belgian
Mkwebu	Zimbabwean
Zwiers	Dutch
Dillen	Belgian
Rishi	Indian
Morelli	Italian
Ceulemans	Belgian
Robert	Belgian
Ahuja	Indian
Muchena	Zimbabwean
Willekens	Belgian
Raut	Indian
Lupo	Italian
Wiley	American
Muringayi	Zimbabwean
Chikore	Zimbabwean
Mathy	Belgian
Madziwa	Zimbabwean
Colon	American
Fry	American
Rea	Italian
van Lier	Dutch
Roberson	American
Pa	Indian
Maiti	Indian
Bhangi	Indian
Verma	Indian
Zandbergen	Dutch
Jefferson	American
D'Elia	Italian
Verkerk	Dutch
Verhoef	Dutch
di Biase	Italian
Nyatsanza	Zimbabwean
Meester	Dutch
Mpunzi	Zimbabwean
Dixit	Indian
Sangalli	Italian
Vora	Indian
Jonker	Dutch
van Damme	Belgian
Porcu	Italian
Makosa	Zimbabwean
Costantini	Italian
Musonza	Zimbabwean
Branch	American
Colin	Belgian
Maphosa	Zimbabwean
Helsen	Belgian
Mapako	Zimbabwean
Solanki	Indian
Galante	Italian
Juarez	American
Pecoraro	Italian
Degroote	Belgian
Makuvaza	Zimbabwean
Dziva	Zimbabwean
van der Vliet	Dutch
Ruzvidzo	Zimbabwean
Magri	Italian
di Paolo	Italian
Masango	Zimbabwean
Saksena	Indian
Tosi	Italian
Alvarado	American
Mangombe	Zimbabwean
Bhebhe	Zimbabwean
Pesce	Italian
Tromp	Dutch
Padilla	American
Maruta	Zimbabwean
de Rooy	Dutch
Makwanya	Zimbabwean
Morra	Italian
Randolph	American
Lunga	Zimbabwean
Parrish	American
Basak	Indian
Motte	Belgian
Rich	American
Imi	Indian
Marchand	Belgian
Sangma	Indian
Priya	Indian
Takura	Zimbabwean
Murombedzi	Zimbabwean
Gordon	American
Gumede	Zimbabwean
Bhatara	Indian
Mashavira	Zimbabwean
Ncube	Zimbabwean
Urao	Indian
Mahere	Zimbabwean
Adamo	Italian
Baeyens	Belgian
Michael	American
van Kesteren	Dutch
Anjum	Indian
Roos	Dutch
di Palma	Italian
D'Alessio	Italian
Muchabaiwa	Zimbabwean
Megens	Dutch
de Sutter	Belgian
van Vugt	Dutch
Bhukya	Indian
Nisa	Indian
Beumer	Dutch
Hilhorst	Dutch
Deka	Indian
van den Berge	Dutch
Boccia	Italian
Cavad	Indian
Mabwe	Zimbabwean
Tan	Dutch
van Oorschot	Dutch
Willem	Belgian
Gijbels	Belgian
van Beek	Dutch
Tarwireyi	Zimbabwean
van der Meulen	Dutch
Cami	Indian
Contreras	American
Rajak	Indian
Damen	Dutch
Schroeder	American
Kharat	Indian
Contini	Italian
McDowell	American
Vleminckx	Belgian
Ruocco	Italian
Mahto	Indian
Boer	Dutch
Braeckman	Belgian
Durieux	Belgian
Cunningham	American
Merrill	American
Bijnens	Belgian
de Geest	Belgian
Rupiya	Zimbabwean
Watkins	American
Mooij	Dutch
Combs	American
Rutgers	Dutch
Blevins	American
Gerrits	Dutch
Coco	Italian
Hines	American
Garrison	American
Nyirenda	Zimbabwean
Kuwar	Indian
Joyce	American
Powell	American
Arnould	Belgian
Copeland	American
Mandeya	Zimbabwean
Sultana	Indian
Franchi	Italian
Cook	American
Maske	Indian
Callewaert	Belgian
Caselli	Italian
Islam	Indian
de Roeck	Belgian
Bosmans	Belgian
Meert	Belgian
Albers	Dutch
Masikati	Zimbabwean
Sekh	Indian
Guzha	Zimbabwean
Schoeters	Belgian
Bano	Indian
Carletti	Italian
Charuma	Zimbabwean
de Baere	Belgian
Savage	American
Chitongo	Zimbabwean
van Looy	Belgian
Ascione	Italian
Zvoushe	Zimbabwean
Price	American
Magura	Zimbabwean
Jenkins	American
Zweers	Dutch
Bagdi	Indian
Levine	American
Bansode	Indian
Maas	Dutch
Turner	American
Mugande	Zimbabwean
Iqbal	Indian
Saunders	American
van Camp	Belgian
van der Knaap	Dutch
Mathews	American
Dewaele	Belgian
Sosa	American
Trivedi	Indian
Donaldson	American
Marcon	Italian
Zaranyika	Zimbabwean
Callegari	Italian
Yoder	American
Buitenhuis	Dutch
Nzombe	Zimbabwean
Meijerink	Dutch
Calderon	American
Swain	Indian
Santucci	Italian
Goovaerts	Belgian
Kant	Indian
van der Ploeg	Dutch
Boeckx	Belgian
di Girolamo	Italian
Crespi	Italian
Ruzive	Zimbabwean
Gororo	Zimbabwean
Cappelli	Italian
Provenzano	Italian
de Clerck	Belgian
Mandaza	Zimbabwean
Ngoma	Zimbabwean
van der Heijden	Dutch
Durham	American
Sebastiani	Italian
Hageman	Dutch
Makamba	Zimbabwean
Daniele	Italian
Kho	Indian
Capelli	Italian
Schiavone	Italian
Dasgupta	Indian
Duke	American
Luyckx	Belgian
Krijger	Dutch
Kempeneers	Belgian
Randall	American
Colucci	Italian
Stabile	Italian
Cooreman	Belgian
Koomen	Dutch
Daenen	Belgian
Kanyongo	Zimbabwean
Grimes	American
Sibanda	Zimbabwean
Adam	Belgian
Doorn	Dutch
Henson	American
Parisi	Italian
Castellani	Italian
Nyangani	Zimbabwean
Maharana	Indian
Zamora	American
Kingma	Dutch
Vargas	American
Stephens	American
Mutisi	Zimbabwean
Cazzaniga	Italian
Tagliabue	Italian
Gogoi	Indian
Piazza	Italian
Barnes	American
Ngwenya	Zimbabwean
Buijs	Dutch
Steegmans	Belgian
Mankar	Indian
Bhakta	Indian
Cuypers	Belgian
Ferrell	American
Venema	Dutch
Reinders	Dutch
Maris	Belgian
Seremwe	Zimbabwean
Borghi	Italian
Cannon	American
Wit	Dutch
Barla	Indian
Sauvage	Belgian
Verbist	Belgian
Naessens	Belgian
Derksen	Dutch
Paoli	Italian
Motta	Italian
Nyikadzino	Zimbabwean
Kessels	Dutch
Mendez	American
Chitima	Zimbabwean
Manca	Italian
Snel	Dutch
Orr	American
Mushipe	Zimbabwean
Wagner	American
Masson	Belgian
de Bruin	Dutch
Silvestri	Italian
Santra	Indian
Ghilardi	Italian
de Geus	Dutch
Mangisi	Zimbabwean
de Beer	Dutch
Magumise	Zimbabwean
Masuka	Zimbabwean
Grande	Italian
Patra	Indian
Kunst	Dutch
Mekala	Indian
Mortier	Belgian
Nhamburo	Zimbabwean
Mascia	Italian
Reese	American
Mapurisa	Zimbabwean
de Vuyst	Belgian
Pancal	Indian
Madzinga	Zimbabwean
Saravaiy	Indian
Heremans	Belgian
Bodson	Belgian
Chabata	Zimbabwean
van der Bergh	Dutch
Escobar	American
Raju	Indian
Hensley	American
Elsen	Belgian
Bianchini	Italian
Dzomba	Zimbabwean
Aguilar	American
Boruah	Indian
Meena	Indian
Dickson	American
Denayer	Belgian
Jan	Indian
de Mulder	Belgian
Nunez	American
Gosavi	Indian
Demoulin	Belgian
Roose	Belgian
Jhala	Indian
Bruce	American
Nanni	Italian
Dantani	Indian
Gallegos	American
Bertels	Belgian
van Boxtel	Dutch
Hossain	Indian
Rovers	Dutch
Murwira	Zimbabwean
Cabrera	American
Mushunje	Zimbabwean
Chigogo	Zimbabwean
Simbi	Zimbabwean
Chiota	Zimbabwean
Muguti	Zimbabwean
Manning	American
Chakma	Indian
de Keyser	Belgian
Rademaker	Dutch
Suarez	American
Mushonga	Zimbabwean
Choudhari	Indian
Volders	Belgian
Jakarasi	Zimbabwean
Chiwawa	Zimbabwean
Iodice	Italian
Midzi	Zimbabwean
Mathuthu	Zimbabwean
Cooke	American
A	Indian
Mattioli	Italian
Mueller	American
Gregori	Italian
Ravat	Indian
Tucker	American
Chikumba	Zimbabwean
Bonner	American
Faber	Dutch
Gatto	Italian
van den Dungen	Dutch
Vanni	Italian
Manzo	Italian
Waters	American
Williamson	American
Zago	Italian
Sharma	Indian
Dip	Indian
Vermeire	Belgian
Shafi	Indian
Goto	Zimbabwean
Dolui	Indian
de Weerdt	Belgian
Nherera	Zimbabwean
Varma	Indian
Ghodke	Indian
den Hollander	Dutch
Wille	Belgian
Matanhire	Zimbabwean
Jahan	Indian
Leys	Belgian
Taderera	Zimbabwean
Baray	Indian
Mahali	Indian
Reijnders	Dutch
Krijgsman	Dutch
Larson	American
Tedesco	Italian
Marsh	American
Bovy	Belgian
Runesu	Zimbabwean
Mzizi	Zimbabwean
Wynants	Belgian
Thys	Belgian
Kapoor	Indian
van Ham	Dutch
Bonini	Italian
Klijn	Dutch
Ellis	American
Carroll	American
van Opstal	Belgian
Gentili	Italian
Saikia	Indian
Petit	Belgian
Groen	Dutch
McCarty	American
Chanakira	Zimbabwean
Watson	American
Muronzi	Zimbabwean
Shelton	American
Basile	Italian
van Drunen	Dutch
Smets	Belgian
Lawson	American
Deschamps	Belgian
Falcone	Italian
van de Pol	Dutch
Kersten	Dutch
Slotboom	Dutch
Deleu	Belgian
Verelst	Belgian
Malone	American
Hickman	American
Dubey	Indian
Woodward	American
Gupta	Indian
Paradza	Zimbabwean
Deiana	Italian
Dupont	Belgian
Vanderhaegen	Belgian
Mosca	Italian
Pastore	Italian
Rivers	American
Lacroix	Belgian
Singo	Zimbabwean
Frans	Belgian
Dickerson	American
Muronda	Zimbabwean
Verlinde	Belgian
Snoek	Dutch
Pellegrini	Italian
van Kampen	Dutch
Campbell	American
Howard	American
Calabrese	Italian
Mandi	Indian
Bortolotti	Italian
van den Broeck	Belgian
Marandi	Indian
Heymans	Belgian
Cheng	American
Hopman	Dutch
Lewis	American
Maposa	Zimbabwean
Chaka	Zimbabwean
Bollen	Belgian
Bhowmik	Indian
Fava	Italian
Chimombe	Zimbabwean
Gray	American
Dupuis	Belgian
Fasano	Italian
Mauri	Italian
Verlinden	Belgian
Grégoire	Belgian
Ripamonti	Italian
Tijssen	Dutch
Shambare	Zimbabwean
Cimmino	Italian
Arroyo	American
Berardi	Italian
Turco	Italian
van Gool	Dutch
Muzenda	Zimbabwean
in 't Veld	Dutch
Lazzaro	Italian
Devriendt	Belgian
Ball	American
Mohammad	Indian
Collard	Belgian
Krishan	Indian
van Schie	Dutch
Lone	Indian
Chimanga	Zimbabwean
Grant	American
Conway	American
Goldberg	American
Zvenyika	Zimbabwean
Nichols	American
Roelofsen	Dutch
Paquet	Belgian
Sadhukhan	Indian
Kim	American
Volpi	Italian
Devillers	Belgian
Peretti	Italian
van Driessche	Belgian
Serneels	Belgian
Shiri	Zimbabwean
Wiersma	Dutch
van Driel	Dutch
Vanherck	Belgian
Mazzola	Italian
Sabau	Zimbabwean
di Bella	Italian
van Strien	Dutch
Kremer	Dutch
Ramar	Indian
Fontaine	Belgian
Knox	American
Kerkhof	Dutch
Sabatini	Italian
Mariga	Zimbabwean
Maromo	Zimbabwean
Manomano	Zimbabwean
Nijs	Belgian
Willis	American
Grosso	Italian
Jacquet	Belgian
Raval	Indian
Bloem	Dutch
Timmers	Dutch
Stephenson	American
Dewit	Belgian
Declerck	Belgian
Reddi	Indian
Debroux	Belgian
van Rooijen	Dutch
Lallemand	Belgian
Nyati	Zimbabwean
Bouma	Dutch
Bates	American
Barbieri	Italian
Ndou	Zimbabwean
Vasave	Indian
Richards	American
Kanters	Dutch
Morrone	Italian
Serrano	American
Black	American
Khosa	Zimbabwean
van der Velde	Dutch
Paradzai	Zimbabwean
Ranjan	Indian
Toussaint	Belgian
Meadows	American
Gade	Indian
Agraval	Indian
Brasseur	Belgian
Mukhiya	Indian
Rood	Dutch
Castiglione	Italian
Bello	Italian
Molteni	Italian
Vertongen	Belgian
Vella	Italian
Cavallini	Italian
Muchemwa	Zimbabwean
Parab	Indian
Naresh	Indian
Savino	Italian
Wolff	Dutch
van Landeghem	Belgian
van der Bos	Dutch
Baetens	Belgian
Howell	American
Bakker	Dutch
Lane	American
van Haaren	Dutch
Vekemans	Belgian
Rizzo	Italian
Kunaka	Zimbabwean
Siwela	Zimbabwean
Sav	Indian
Lenzi	Italian
Hawkins	American
Vossen	Dutch
Corsini	Italian
Wijnen	Dutch
Goemaere	Belgian
Bertini	Italian
Pater	Dutch
Thompson	American
Admiraal	Dutch
Leoni	Italian
Rathi	Indian
Banfi	Italian
Makoto	Zimbabwean
Mancini	Italian
Bogers	Dutch
Rivera	American
van de Walle	Belgian
Fabiani	Italian
Mamidi	Indian
Guha	Indian
Oomen	Dutch
Fiorini	Italian
Malhotra	Indian
Ji	Indian
Bala	Indian
Mhungu	Zimbabwean
Desmet	Belgian
Thielemans	Belgian
Valkenburg	Dutch
Chaube	Indian
Sellers	American
Upadhyay	Indian
Phelps	American
Dockx	Belgian
Stokes	American
Fedele	Italian
Casali	Italian
Mufuka	Zimbabwean
Chiweshe	Zimbabwean
Musumeci	Italian
Shelar	Indian
Bankar	Indian
Bagum	Indian
van der Beek	Dutch
Vanbrabant	Belgian
Minne	Belgian
Bouwhuis	Dutch
Masuku	Zimbabwean
Nyamandi	Zimbabwean
Curcio	Italian
Moons	Belgian
Corona	Italian
di Lorenzo	Italian
Fabbri	Italian
Calcagno	Italian
Rama	Indian
Tauro	Zimbabwean
D'Aniello	Italian
van Assche	Belgian
Palmieri	Italian
Romano	Italian
Rinaldi	Italian
Nyoni	Zimbabwean
Mhuru	Zimbabwean
Oliva	Italian
Pramanik	Indian
Maréchal	Belgian
Gwata	Zimbabwean
Houston	American
Bodart	Belgian
Mar	Indian
Nicholson	American
Vandenbussche	Belgian
Closset	Belgian
Prkash	Indian
Windels	Belgian
Kushvaha	Indian
Maestri	Italian
Buyle	Belgian
Kadungure	Zimbabwean
Larsen	American
Marangoni	Italian
McKnight	American
Pratt	American
Innocenti	Italian
Maenhout	Belgian
Buys	Belgian
Hummel	Dutch
Mullen	American
Chandra	Indian
Kol	Indian
Cesari	Italian
Chikwanda	Zimbabwean
Michel	Belgian
Pidhayar	Indian
Poppe	Belgian
Fossati	Italian
Makamure	Zimbabwean
Giacalone	Italian
Carson	American
van der Veen	Dutch
Bolognesi	Italian
Chevalier	Belgian
Merlo	Italian
Samant	Indian
Dennis	American
van der Wel	Dutch
McKee	American
de Waal	Dutch
Langenberg	Dutch
Pinna	Italian
Bagul	Indian
Powers	American
Suna	Indian
Bright	American
Pamire	Zimbabwean
Poelmans	Belgian
Nyambuya	Zimbabwean
van Wijk	Dutch
Bande	Zimbabwean
Scheepers	Dutch
Tshuma	Zimbabwean
Gurupira	Zimbabwean
Guta	Zimbabwean
Grosjean	Belgian
Chapman	American
Rigamonti	Italian
Zanotti	Italian
Donahue	American
van Kempen	Dutch
Manyonga	Zimbabwean
Bouman	Dutch
Couvreur	Belgian
Capone	Italian
Vermeer	Dutch
de Klerk	Dutch
Marozva	Zimbabwean
Heijnen	Dutch
Dalla	Italian
Chiware	Zimbabwean
Santos	American
van der Kolk	Dutch
Dzikiti	Zimbabwean
Chingwena	Zimbabwean
den Ouden	Dutch
Donga	Zimbabwean
Chinyama	Zimbabwean
Guidi	Italian
Ward	American
Dokter	Dutch
Turi	Indian
Cuyvers	Belgian
Nhamo	Zimbabwean
Bertozzi	Italian
del Giudice	Italian
Teunissen	Dutch
Dhondt	Belgian
Schmitt	American
Nkomo	Zimbabwean
Valsecchi	Italian
Gama	Zimbabwean
Graaf	Dutch
Naidu	Indian
Gorter	Dutch
ter Horst	Dutch
Richardson	American
van Genechten	Belgian
de Jager	Dutch
Santoni	Italian
Colonna	Italian
Pugh	American
Scheffers	Dutch
Bertocchi	Italian
Bettoni	Italian
Bekaert	Belgian
Zimmerman	American
Legrand	Belgian
Gillis	Belgian
Ceriani	Italian
di Gennaro	Italian
Wijnants	Belgian
Kelly	American
Mahadik	Indian
van Lieshout	Dutch
Gora	Zimbabwean
Day	American
Chiromo	Zimbabwean
Lambotte	Belgian
Tayengwa	Zimbabwean
Boom	Dutch
Koster	Dutch
Massart	Belgian
Mazza	Italian
Fantini	Italian
Ruggieri	Italian
Hubbard	American
Shea	American
van Deursen	Dutch
van Den Eynde	Belgian
Chigodora	Zimbabwean
Charlier	Belgian
Dawson	American
Zambon	Italian
van Nuffel	Belgian
Gonzales	American
Ganguly	Indian
Matiza	Zimbabwean
McGuire	American
Nauta	Dutch
Bvunzawabaya	Zimbabwean
Boscolo	Italian
de Cock	Belgian
Verheij	Dutch
Naskar	Indian
Muzavazi	Zimbabwean
Romeo	Italian
Rishidev	Indian
Avasthi	Indian
Zambezi	Zimbabwean
Kuijpers	Dutch
Spano	Italian
Roelofs	Dutch
Balducci	Italian
Poels	Belgian
Seghers	Belgian
Ferretti	Italian
Denhere	Zimbabwean
Belloni	Italian
Terpstra	Dutch
Renzi	Italian
Zhakata	Zimbabwean
Nyamasoka	Zimbabwean
Ouwehand	Dutch
Dougherty	American
Pire	Belgian
Musakwa	Zimbabwean
Hendrickx	Belgian
Beentjes	Dutch
van Esch	Dutch
Baldi	Italian
Kusters	Dutch
de Jonge	Dutch
Ndlela	Zimbabwean
Kamps	Dutch
Verbiest	Belgian
Coccia	Italian
Zhuwao	Zimbabwean
Romijn	Dutch
Mariani	Italian
van der Weerd	Dutch
Melendez	American
Bradley	American
Sama	Indian
Go	Indian
Seth	Indian
Salazar	American
Devriese	Belgian
Basu	Indian
Mugari	Zimbabwean
Westra	Dutch
Vandaele	Belgian
Pintus	Italian
Kuijper	Dutch
Dhliwayo	Zimbabwean
Floris	Italian
Roosen	Belgian
Mapanzure	Zimbabwean
Banik	Indian
Mili	Indian
Zanini	Italian
Eeckhout	Belgian
Villa	Italian
Saren	Indian
Jacobson	American
Ferrero	Italian
Angeli	Italian
Humblet	Belgian
Pinto	Italian
Lucassen	Dutch
Sandoval	American
Saiekh	Indian
Depoorter	Belgian
Nyika	Zimbabwean
Muza	Zimbabwean
Mullins	American
di Carlo	Italian
Kunvar	Indian
Bertoni	Italian
Bonomi	Italian
Chouhan	Indian
Chikara	Zimbabwean
Ta	Indian
Nhau	Zimbabwean
Alessandrini	Italian
di Francesco	Italian
Urbain	Belgian
Khant	Indian
Coulon	Belgian
Patani	Indian
Krause	American
Tshabangu	Zimbabwean
Chitambo	Zimbabwean
Suman	Indian
Makuni	Zimbabwean
Harrell	American
Mandal	Indian
Ingole	Indian
Ya	Indian
Aalders	Dutch
Hammond	American
Marinelli	Italian
Conley	American
Mtombeni	Zimbabwean
Bhai	Indian
Musindo	Zimbabwean
van der Broek	Dutch
Mohite	Indian
Fleming	American
Walter	American
Musara	Zimbabwean
Mudadi	Zimbabwean
Nisha	Indian
van Manen	Dutch
Leclercq	Belgian
Simpson	American
Claassen	Dutch
de Gier	Dutch
Hamers	Dutch
van Rompaey	Belgian
de Visser	Dutch
Lenka	Indian
Koopman	Dutch
Billiet	Belgian
Schreuder	Dutch
Banerjee	Indian
Mataruse	Zimbabwean
Geudens	Belgian
Lazzarini	Italian
Taka	Indian
Tanner	American
Mazarire	Zimbabwean
Rathod	Indian
Nanda	Indian
van der Geest	Dutch
Jong	Dutch
Muduli	Indian
Steyaert	Belgian
Serafini	Italian
van der Wiel	Dutch
Acosta	American
Esposito	Italian
de Hoop	Dutch
Meijer	Dutch
Blok	Dutch
Signorelli	Italian
Walters	American
Nadaph	Indian
Zanon	Italian
Bouri	Indian
Hinton	American
Chiwanza	Zimbabwean
Poncin	Belgian
Cain	American
Chikanda	Zimbabwean
Hofland	Dutch
Masawi	Zimbabwean
Mutizwa	Zimbabwean
Foster	American
Ambrosio	Italian
Lata	Indian
Kole	Indian
Yates	American
Dal	Italian
Chikwanha	Zimbabwean
Demeulenaere	Belgian
Ramesh	Indian
Grandjean	Belgian
van Mil	Dutch
Mapondera	Zimbabwean
Munyaka	Zimbabwean
Gandiwa	Zimbabwean
de Zeeuw	Dutch
Boddu	Indian
Rasmussen	American
Carton	Belgian
Los	Dutch
Marara	Zimbabwean
Page	American
di Giorgio	Italian
Chirima	Zimbabwean
Bean	American
Lanza	Italian
Sable	Indian
Blanchard	American
Wilkinson	American
Bertoli	Italian
Gain	Indian
Joris	Belgian
Bhattacharya	Indian
Parjapit	Indian
Zulu	Zimbabwean
Chipuriro	Zimbabwean
Vanacker	Belgian
Morandi	Italian
Jongwe	Zimbabwean
Cornelis	Belgian
Jadej	Indian
Washington	American
Huys	Belgian
Stella	Italian
Kumar	Indian
Baldo	Italian
de Vriendt	Belgian
van Bogaert	Belgian
Nyamunda	Zimbabwean
Lefevre	Belgian
Riggs	American
Parkash	Indian
Musoni	Zimbabwean
Piette	Belgian
Pieterse	Dutch
Oosterhof	Dutch
Radaelli	Italian
Jojo	Zimbabwean
Marongiu	Italian
Santi	Italian
U	Indian
Gentry	American
Hoogeveen	Dutch
Vyas	Indian
Kalindi	Indian
Srivastava	Indian
Giesen	Dutch
Murove	Zimbabwean
Charan	Indian
Hasan	Indian
Sloan	American
Rapisarda	Italian
Ndowa	Zimbabwean
Vries	Dutch
Stanton	American
Filippini	Italian
van der Werff	Dutch
Chavan	Indian
Marathe	Indian
Park	American
Vandenbosch	Belgian
Jokonya	Zimbabwean
Ligthart	Dutch
Monroe	American
Guzman	American
Ruidas	Indian
van Gils	Dutch
Vandenbossche	Belgian
Venturelli	Italian
Baert	Belgian
Minelli	Italian
Servais	Belgian
Niwas	Indian
de Nijs	Dutch
Puglisi	Italian
Mupunga	Zimbabwean
Bellucci	Italian
Koopmans	Dutch
Mazonde	Zimbabwean
Mashamba	Zimbabwean
Norton	American
Mallick	Indian
van der Voort	Dutch
Mele	Italian
Arora	Indian
Bradshaw	American
Soenen	Belgian
Marras	Italian
Miyan	Indian
Muylaert	Belgian
Conte	Italian
Baldwin	American
Marra	Italian
Crowley	American
Jack	Zimbabwean
Keijzer	Dutch
Momin	Indian
Nyemba	Zimbabwean
Basumatary	Indian
Mazzanti	Italian
Dewitte	Belgian
Miller	American
Oram	Indian
Mtisi	Zimbabwean
Nhema	Zimbabwean
Mahet	Indian
Muzuva	Zimbabwean
Robben	Dutch
Sasso	Italian
Wauters	Belgian
Green	American
Fabris	Italian
Musarurwa	Zimbabwean
Verheyen	Belgian
Borkar	Indian
Kamanga	Zimbabwean
Cantu	American
Anderson	American
Bouchat	Belgian
Bender	American
Khatun	Indian
Mbanje	Zimbabwean
de Regt	Dutch
Mapisa	Zimbabwean
Pal	Indian
Muchini	Zimbabwean
Haan	Dutch
Mahale	Indian
Boschi	Italian
Nadaf	Indian
Damba	Zimbabwean
Vlaeminck	Belgian
Conner	American
Kanda	Zimbabwean
Cappello	Italian
Schwartz	American
Hays	American
Casula	Italian
Mapani	Zimbabwean
van Bree	Dutch
Lebrun	Belgian
Todd	American
van de Vijver	Belgian
Mia	Indian
Nobile	Italian
Chaparadza	Zimbabwean
Driesen	Belgian
Ngwarati	Zimbabwean
van der Horst	Dutch
Olivier	Belgian
van Haren	Dutch
Bumhira	Zimbabwean
Flowers	American
Hoque	Indian
Lai	Italian
Chuma	Zimbabwean
Kanyoka	Zimbabwean
van Engelen	Dutch
Chagonda	Zimbabwean
Decoster	Belgian
Magar	Indian
Masini	Italian
Chakanetsa	Zimbabwean
Maketo	Zimbabwean
Mungombe	Zimbabwean
Orlandi	Italian
Klomp	Dutch
Pasavan	Indian
Wieringa	Dutch
Mukhi	Indian
Shrivastava	Indian
Migliore	Italian
Morrow	American
Chamboko	Zimbabwean
Stewart	American
van der Hoeven	Dutch
Verde	Italian
Lyngdoh	Indian
Soto	American
Mungofa	Zimbabwean
Re	Italian
Clark	American
Matthijs	Belgian
Hebert	American
Wu	American
Anselmi	Italian
Schelfhout	Belgian
Borremans	Belgian
Summers	American
Tirki	Indian
Mudzviti	Zimbabwean
Samu	Zimbabwean
Burnett	American
Greco	Italian
Terranova	Italian
Yu	American
Kishan	Indian
Berends	Dutch
Arena	Italian
Mutize	Zimbabwean
van der Laan	Dutch
di Paola	Italian
Iuliano	Italian
de Becker	Belgian
Reijnen	Dutch
Makaya	Zimbabwean
Dzingirai	Zimbabwean
Burton	American
Dara	Indian
Samson	Zimbabwean
Tore	Zimbabwean
Verweij	Dutch
Manjoro	Zimbabwean
Dehuri	Indian
Simoni	Italian
Zhang	American
Dixon	American
Saunyama	Zimbabwean
di Leo	Italian
Werbrouck	Belgian
Palazzo	Italian
Gwaze	Zimbabwean
Tayde	Indian
Russell	American
de Smet	Belgian
Austin	American
van Laar	Dutch
Volpato	Italian
Chauke	Zimbabwean
Gasparini	Italian
Cardillo	Italian
Dijk	Dutch
Hlongwane	Zimbabwean
Makotore	Zimbabwean
Jadot	Belgian
Brouwer	Dutch
Morabito	Italian
Kandi	Indian
Postema	Dutch
Manzoni	Italian
Arya	Indian
Harrington	American
Dalvi	Indian
Mahakud	Indian
Siziba	Zimbabwean
Biondi	Italian
Praveen	Indian
Bernini	Italian
Mudzimu	Zimbabwean
Verschoor	Dutch
Kooij	Dutch
Fiori	Italian
Cappelletti	Italian
Rajput	Indian
Galvan	American
Natale	Italian
Gobbo	Italian
Depuydt	Belgian
Bergman	Dutch
Nziramasanga	Zimbabwean
Mabika	Zimbabwean
Sa	Indian
Boonstra	Dutch
Mlauzi	Zimbabwean
Mantovani	Italian
ten Hove	Dutch
Durante	Italian
Fuller	American
Magomo	Zimbabwean
Tapera	Zimbabwean
Benson	American
Cline	American
Kamp	Dutch
Massaro	Italian
Barui	Indian
Lupi	Italian
van der Kamp	Dutch
Voet	Belgian
Vasquez	American
Rowland	American
Mwale	Zimbabwean
Warren	American
Kanyama	Zimbabwean
Sibindi	Zimbabwean
Shyam	Indian
Keller	American
de Angelis	Italian
Mukaro	Zimbabwean
Hage	Dutch
Chiari	Italian
Adriaensen	Belgian
Thakkar	Indian
Cristiano	Italian
Samuel	Zimbabwean
Bisht	Indian
Chikaka	Zimbabwean
Chikukwa	Zimbabwean
Reed	American
Dekker	Dutch
Latini	Italian
Chibanda	Zimbabwean
Masimba	Zimbabwean
Chipato	Zimbabwean
Holland	American
Husain	Indian
Benedetti	Italian
Byers	American
Waghmare	Indian
Vrolijk	Dutch
Krol	Dutch
Mloyi	Zimbabwean
van Baelen	Belgian
Burns	American
Chirinda	Zimbabwean
Vandermeulen	Belgian
Mallik	Indian
Battaglia	Italian
Kloosterman	Dutch
Daems	Belgian
van den Brand	Dutch
de Korte	Dutch
Chimusoro	Zimbabwean
Bagvan	Indian
Veen	Dutch
Zani	Italian
Beck	American
Mack	American
Subba	Indian
Fox	American
Solomon	American
Talavar	Indian
Nakka	Indian
Aalbers	Dutch
Huizing	Dutch
Desai	Indian
Lecocq	Belgian
Muchero	Zimbabwean
Battisti	Italian
Pierce	American
Clayton	American
Pasupuleti	Indian
Vereecke	Belgian
Hahn	American
Ahmed	Indian
Barry	American
Fadda	Italian
Dobbelaere	Belgian
Antonio	Zimbabwean
Patal	Indian
Francois	Belgian
Chakali	Indian
Meshram	Indian
Derycke	Belgian
D'Agostino	Italian
Schiavo	Italian
van der Loo	Dutch
Kraan	Dutch
Humphrey	American
Engel	Dutch
McConnell	American
Zenda	Zimbabwean
Jamu	Zimbabwean
Baro	Indian
Mani	Indian
Loi	Italian
Thirion	Belgian
Uddin	Indian
Hudson	American
Giunta	Italian
Demeyer	Belgian
Veronese	Italian
Muyengwa	Zimbabwean
Leone	Italian
Bhosale	Indian
Khoza	Zimbabwean
Goris	Belgian
Witteveen	Dutch
van Cauwenbergh	Belgian
Mangava	Zimbabwean
Khedkar	Indian
Liegeois	Belgian
Wils	Belgian
House	American
Chase	American
van Oort	Dutch
Madavi	Indian
Zampieri	Italian
Bhutia	Indian
Murmu	Indian
Nyabadza	Zimbabwean
van Cauwenberghe	Belgian
Mhlanga	Zimbabwean
Willemse	Dutch
Mudimu	Zimbabwean
La	Indian
Gwanzura	Zimbabwean
Belli	Italian
Jangam	Indian
Marchetti	Italian
Reynolds	American
Martino	Italian
di Salvo	Italian
Prasad	Indian
Love	American
Joos	Belgian
Paravin	Indian
Cochran	American
Bauri	Indian
D'Onofrio	Italian
Carrara	Italian
Mandizvidza	Zimbabwean
Mukumba	Zimbabwean
Harmsen	Dutch
Robles	American
Hodges	American
Mukondo	Zimbabwean
Galbiati	Italian
Vadhel	Indian
Marien	Belgian
Khanye	Zimbabwean
Dhlamini	Zimbabwean
Otto	Dutch
Chanda	Indian
Dierick	Belgian
Paolini	Italian
Gambino	Italian
Bandi	Indian
de Schepper	Belgian
Gumbo	Zimbabwean
Ndoro	Zimbabwean
Lejeune	Belgian
Thibaut	Belgian
Corradi	Italian
Kerkhofs	Belgian
Jonkman	Dutch
Botta	Italian
Dieu	Belgian
Moroni	Italian
Rota	Italian
Vercauteren	Belgian
Adhikari	Indian
Syed	Indian
Vervloet	Belgian
Kanyemba	Zimbabwean
Ventura	Italian
Tinarwo	Zimbabwean
Sessa	Italian
Huang	American
Obrien	American
Chiringa	Zimbabwean
Nixon	American
Cardone	Italian
Booker	American
Chiramba	Zimbabwean
Shil	Indian
del Prete	Italian
Sha	Indian
Alexandre	Belgian
Khatua	Indian
Oude	Dutch
Koetsier	Dutch
van Aalst	Dutch
Haq	Indian
Kwenda	Zimbabwean
Nare	Zimbabwean
Taylor	American
Colella	Italian
Kolhe	Indian
Vankhede	Indian
Alexander	American
Randazzo	Italian
Vandeputte	Belgian
Bauwens	Belgian
Janse	Dutch
Hill	American
Stegeman	Dutch
Ka	Indian
Gillespie	American
Mavura	Zimbabwean
Kondo	Zimbabwean
Pronk	Dutch
di Giovanni	Italian
Huysmans	Belgian
Munetsi	Zimbabwean
Schuurman	Dutch
Kleine	Dutch
Dunlap	American
Rutsito	Zimbabwean
Chakawa	Zimbabwean
McLean	American
Wever	Dutch
Schippers	Dutch
Biradar	Indian
Miranda	American
Dalton	American
Schollaert	Belgian
Kummari	Indian
van Amerongen	Dutch
Castaldo	Italian
van Gucht	Belgian
Ramana	Indian
Douma	Dutch
Ngandu	Zimbabwean
Veronesi	Italian
Salve	Indian
Butler	American
Minet	Belgian
Karonga	Zimbabwean
Bonelli	Italian
Bijlsma	Dutch
Sibiya	Zimbabwean
Koolen	Dutch
Depauw	Belgian
Lambrecht	Belgian
Facchini	Italian
Daly	American
Muvirimi	Zimbabwean
Stefanelli	Italian
Bron	Dutch
Bere	Zimbabwean
Molinaro	Italian
Datta	Indian
Gwati	Zimbabwean
Mangano	Italian
Lattanzi	Italian
Derks	Dutch
Nikam	Indian
Mulders	Dutch
Mann	American
van Ommen	Dutch
Macchi	Italian
Messina	Italian
Torre	Italian
Farmer	American
Maseko	Zimbabwean
Harding	American
Urang	Indian
Fernandes	Indian
Haegeman	Belgian
Duquesne	Belgian
Yadav	Indian
Cassano	Italian
Wise	American
Visentin	Italian
Goihal	Indian
Meersman	Belgian
Nyamukondiwa	Zimbabwean
Hofmans	Belgian
Ramirez	American
Collignon	Belgian
Boyd	American
Martina	Italian
Habets	Dutch
Baria	Indian
Mberi	Zimbabwean
Gatsi	Zimbabwean
Gould	American
Capasso	Italian
Machaya	Zimbabwean
Valenzuela	American
Neal	American
Ferrario	Italian
Graziano	Italian
Battista	Italian
Simoens	Belgian
Chirenje	Zimbabwean
Salmon	Belgian
Bera	Indian
Thakare	Indian
Ngara	Zimbabwean
Sayyed	Indian
Franzoni	Italian
Debi	Indian
Billen	Belgian
Huffman	American
Moran	American
Duri	Zimbabwean
Muzondo	Zimbabwean
Rahaman	Indian
Chiduku	Zimbabwean
Basso	Italian
Manenti	Italian
Godefroid	Belgian
Golla	Indian
Manfredi	Italian
Mazzei	Italian
Bologna	Italian
Poole	American
Vinciguerra	Italian
Pravin	Indian
Jennings	American
van Bever	Belgian
Benton	American
Bergamaschi	Italian
Gadekar	Indian
Mane	Indian
van Oers	Dutch
Pagi	Indian
Caruso	Italian
Acharya	Indian
Donato	Italian
Munyanyi	Zimbabwean
Amadori	Italian
Mhandu	Zimbabwean
Mushamba	Zimbabwean
van Tilburg	Dutch
Daimari	Indian
Vaccaro	Italian
Duffy	American
Samanta	Indian
Ti	Indian
Livingston	American
Parvin	Indian
Jaspers	Dutch
Manyere	Zimbabwean
Fields	American
Mugwagwa	Zimbabwean
Matika	Zimbabwean
Jambaya	Zimbabwean
Cossu	Italian
Stoop	Dutch
Lotti	Italian
Pas	Dutch
Hodge	American
Lamberti	Italian
Matambanadzo	Zimbabwean
Tembo	Zimbabwean
van Wingerden	Dutch
Aslam	Indian
Degraeve	Belgian
Spadaro	Italian
Molenaar	Dutch
Ruggeri	Italian
Flynn	American
Thijssen	Dutch
Hazarika	Indian
di Nardo	Italian
Bag	Indian
Vandersmissen	Belgian
Aguirre	American
Marlier	Belgian
Gwara	Zimbabwean
Voets	Belgian
Chandler	American
Zinyemba	Zimbabwean
Velghe	Belgian
Bhardwaj	Indian
Saha	Indian
Macheka	Zimbabwean
Saini	Indian
Bewa	Indian
Claeys	Belgian
Ghorpade	Indian
Venturini	Italian
Jacquemin	Belgian
Wilkerson	American
Manyanga	Zimbabwean
de Santis	Italian
Bonde	Zimbabwean
Vano	Indian
Guerrini	Italian
Rastogi	Indian
Rajan	Indian
Akhtar	Indian
Merli	Italian
Meesters	Dutch
Mujuru	Zimbabwean
Norman	American
Laskar	Indian
Ndhlovu	Zimbabwean
Carraro	Italian
Piscitelli	Italian
Kufakunesu	Zimbabwean
Bhuiyan	Indian
Prins	Dutch
Rusere	Zimbabwean
Lauwers	Belgian
Hofisi	Zimbabwean
Hiremath	Indian
Rubino	Italian
Velthuis	Dutch
Muroyiwa	Zimbabwean
Gevers	Belgian
Boro	Indian
Husen	Indian
Fumagalli	Italian
van Lith	Dutch
de Neve	Belgian
Stanley	American
Nayak	Indian
Masaka	Zimbabwean
Jagdale	Indian
Colombo	Italian
Bongers	Dutch
Piccolo	Italian
Put	Belgian
van Kooten	Dutch
van Raemdonck	Belgian
van der Heuvel	Dutch
Mpofu	Zimbabwean
de Zwart	Dutch
de Lucia	Italian
Huni	Zimbabwean
Kushwaha	Indian
Cerri	Italian
Tripathi	Indian
Spoelstra	Dutch
Abbas	Indian
Chishiri	Zimbabwean
Wiggins	American
Miles	American
Compton	American
Estrada	American
Piccinini	Italian
van Schaik	Dutch
Coomans	Belgian
Bhila	Indian
Pandeya	Indian
Bruno	Italian
Moro	Italian
Hale	American
de Schutter	Belgian
van Tongeren	Dutch
Chamisa	Zimbabwean
Kunwar	Indian
Carrillo	American
Amma	Indian
Chung	American
Ortega	American
Marchini	Italian
Mashayamombe	Zimbabwean
Casteleyn	Belgian
Cataldo	Italian
Tanyanyiwa	Zimbabwean
Grieco	Italian
van der Hulst	Dutch
Harmon	American
Madzivire	Zimbabwean
Nxumalo	Zimbabwean
Mandizha	Zimbabwean
Baird	American
Uike	Indian
Borah	Indian
Farina	Italian
Petitjean	Belgian
Bhatia	Indian
Sah	Indian
Rosi	Italian
Villarreal	American
Dardenne	Belgian
Zwart	Dutch
Gouda	Indian
van Wijngaarden	Dutch
Buck	American
Vanhees	Belgian
Ratti	Italian
Kuiper	Dutch
Ricci	Italian
Bhumij	Indian
Bhati	Indian
Ford	American
Koley	Indian
Broekhuizen	Dutch
van Delft	Dutch
Dewilde	Belgian
Ahmad	Indian
Njanji	Zimbabwean
Moss	American
Milazzo	Italian
Navarro	American
Padovani	Italian
Grimaldi	Italian
Prajapit	Indian
Vandenbroeck	Belgian
Schellekens	Dutch
Pilli	Indian
Tarafdar	Indian
Eka	Indian
Snijder	Dutch
Nhira	Zimbabwean
Lammens	Belgian
Giorgetti	Italian
Kroeze	Dutch
Webster	American
Topno	Indian
van Loenen	Dutch
Snijders	Dutch
Gunda	Zimbabwean
Munyoro	Zimbabwean
de Haes	Belgian
Carlier	Belgian
Sabbe	Belgian
Calo	Italian
Barberis	Italian
Sheppard	American
Rose	American
Small	American
Gayen	Indian
Mayer	American
Collette	Belgian
van der Spek	Dutch
Brahma	Indian
van Pelt	Dutch
van Ooijen	Dutch
Pillai	Indian
Makombe	Zimbabwean
Masina	Zimbabwean
Vonk	Dutch
Nyakabau	Zimbabwean
Hooper	American
Kumbar	Indian
van der Graaf	Dutch
de Pauw	Belgian
Ntini	Zimbabwean
Peetermans	Belgian
Zengeya	Zimbabwean
Bouwmeester	Dutch
Chiwara	Zimbabwean
Caputo	Italian
Libert	Belgian
van der Werf	Dutch
Goeminne	Belgian
Lester	American
Rogiers	Belgian
Kishore	Indian
Kelley	American
Mabhena	Zimbabwean
Chitauro	Zimbabwean
Lange	Dutch
de Laat	Dutch
Chetry	Indian
McCarthy	American
Msipa	Zimbabwean
Ranieri	Italian
Sassi	Italian
Venturi	Italian
Dirks	Dutch
Verhaegen	Belgian
Hondo	Zimbabwean
de Jongh	Dutch
Baidya	Indian
Yadv	Indian
Rajwar	Indian
Ricciardi	Italian
Kambanje	Zimbabwean
Makuyana	Zimbabwean
Natali	Italian
Montanaro	Italian
Renders	Belgian
Cirillo	Italian
Schut	Dutch
Maity	Indian
Makusha	Zimbabwean
Maynard	American
Devolder	Belgian
Ganya	Zimbabwean
Audenaert	Belgian
Seikh	Indian
Jele	Zimbabwean
Ghadge	Indian
Denys	Belgian
Palli	Indian
Makovere	Zimbabwean
Leroy	Belgian
van Schijndel	Dutch
de Decker	Belgian
D'Amato	Italian
Barman	Indian
Londhe	Indian
Beeckman	Belgian
Gwebu	Zimbabwean
Schilder	Dutch
Sawant	Indian
Rodgers	American
Chianese	Italian
Oraon	Indian
Chifamba	Zimbabwean
Barone	Italian
Tripura	Indian
Vandormael	Belgian
Makoni	Zimbabwean
Machingauta	Zimbabwean
Munyaradzi	Zimbabwean
Post	Dutch
Chihota	Zimbabwean
de Reus	Dutch
Driessen	Dutch
Nelson	American
Calvi	Italian
Luyten	Belgian
Khumalo	Zimbabwean
de Meyer	Belgian
Donovan	American
Mushambi	Zimbabwean
Hanssen	Dutch
Tapfumaneyi	Zimbabwean
Dubois	Belgian
Mandelli	Italian
de Cuyper	Belgian
Vermeiren	Belgian
Murungweni	Zimbabwean
Bhue	Indian
Potter	American
Sagar	Indian
Barrera	American
Mittal	Indian
Mabasa	Zimbabwean
Vanderstraeten	Belgian
Lazzari	Italian
Musasa	Zimbabwean
Mubvumbi	Zimbabwean
Callahan	American
de Heer	Dutch
Shekh	Indian
Bertelli	Italian
Tyler	American
Hadebe	Zimbabwean
Mohanty	Indian
Duvivier	Belgian
Langeveld	Dutch
Pappalardo	Italian
Pot	Dutch
van Herk	Dutch
Koops	Dutch
Munemo	Zimbabwean
Senatore	Italian
Romain	Belgian
Haynes	American
Scuderi	Italian
Bourgeois	Belgian
Teron	Indian
French	American
Laureys	Belgian
Bax	Dutch
Claessen	Dutch
Mativenga	Zimbabwean
Meeus	Belgian
Ahire	Indian
Muzvondiwa	Zimbabwean
Vink	Dutch
Sheikh	Indian
Petty	American
MacDonald	American
Zonneveld	Dutch
Goffin	Belgian
Pawar	Indian
Harper	American
Irwin	American
Graham	American
Hayes	American
Massa	Italian
Bairagi	Indian
Nijhof	Dutch
Patole	Indian
Schaefer	American
Tiwari	Indian
Shamu	Zimbabwean
Iacono	Italian
Mahammad	Indian
Narzary	Indian
Agostini	Italian
Mufudza	Zimbabwean
Chatikobo	Zimbabwean
Verstraete	Belgian
Chisango	Zimbabwean
Heeren	Dutch
Banu	Indian
Bhabhor	Indian
English	American
Patton	American
Hester	American
Santana	American
Makaza	Zimbabwean
Gwatidzo	Zimbabwean
Halleux	Belgian
van Parys	Belgian
Shamuyarira	Zimbabwean
Krishnan	Indian
Mnkandla	Zimbabwean
Bouwman	Dutch
Dass	Indian
Verdonk	Dutch
Antonucci	Italian
Grillo	Italian
Bosma	Dutch
Bernardini	Italian
de Block	Belgian
Schrijver	Dutch
Gualtieri	Italian
Mazambani	Zimbabwean
Challa	Indian
Freeman	American
Romagnoli	Italian
Landry	American
Mate	Indian
Mugoni	Zimbabwean
Pathak	Indian
Valencia	American
Buyse	Belgian
Marrone	Italian
Mbano	Zimbabwean
Fisher	American
Goedhart	Dutch
Meloni	Italian
de Bondt	Belgian
Shumba	Zimbabwean
Mazzotta	Italian
Stevenson	American
Slingerland	Dutch
Fazio	Italian
Favero	Italian
Smeyers	Belgian
Bouw	Dutch
Mombe	Zimbabwean
Kha	Indian
Vasav	Indian
Begam	Indian
Baitha	Indian
Embrechts	Belgian
van der Auwera	Belgian
Purkait	Indian
Collin	Belgian
Buono	Italian
Tamang	Indian
Tyagi	Indian
van Berkel	Dutch
Blondeel	Belgian
Vogelzang	Dutch
Pascucci	Italian
Atram	Indian
Voortman	Dutch
Lepore	Italian
Bastin	Belgian
Geeroms	Belgian
Wood	American
Kayal	Indian
Mdlongwa	Zimbabwean
Albano	Italian
van den Bos	Dutch
Georges	Belgian
McClure	American
Mutambara	Zimbabwean
Claes	Belgian
Glorieux	Belgian
Mapelli	Italian
Casella	Italian
Huybrechts	Belgian
Debruyne	Belgian
Simonelli	Italian
Werner	American
Nyaude	Zimbabwean
Reilly	American
Vogels	Dutch
Six	Belgian
Gandhi	Indian
Costanzo	Italian
Biswal	Indian
Nishad	Indian
Hemram	Indian
Gava	Zimbabwean
Raymond	American
Andrews	American
Ngirazi	Zimbabwean
Milano	Italian
van Keulen	Dutch
Vandeput	Belgian
Houtman	Dutch
Landuyt	Belgian
Herring	American
Nyambo	Zimbabwean
Bot	Dutch
Nath	Indian
Mason	American
Koelewijn	Dutch
Sims	American
Rabari	Indian
Chikomo	Zimbabwean
Cameron	American
Cornet	Belgian
Sala	Italian
Muzondiwa	Zimbabwean
Umara	Indian
van der Jagt	Dutch
Neyens	Belgian
Mazzeo	Italian
Smid	Dutch
Alam	Indian
Dongo	Zimbabwean
Tadavi	Indian
Cuijpers	Dutch
Ros	Dutch
Katiyo	Zimbabwean
Chikandiwa	Zimbabwean
Raaijmakers	Dutch
Murmmu	Indian
Manjhi	Indian
Wouda	Dutch
Perego	Italian
Bordoloi	Indian
Rwafa	Zimbabwean
Buis	Dutch
Oost	Dutch
Lyons	American
Vogelaar	Dutch
Toppo	Indian
Mudiwa	Zimbabwean
Jadhav	Indian
van Rossum	Dutch
Wai	Indian
Kativhu	Zimbabwean
Porro	Italian
Guerini	Italian
Carlson	American
Mubaiwa	Zimbabwean
Drost	Dutch
van Looveren	Belgian
Sethy	Indian
Milani	Italian
Perna	Italian
Barber	American
van Kerckhove	Belgian
de Ruijter	Dutch
Nkiwane	Zimbabwean
Fabrizi	Italian
Zivengwa	Zimbabwean
Bhoir	Indian
Wolfe	American
Matimba	Zimbabwean
Cavaliere	Italian
Verboom	Dutch
Andre	Belgian
Rocha	American
Maat	Dutch
Curry	American
Werkman	Dutch
Charamba	Zimbabwean
Graziani	Italian
Mandebvu	Zimbabwean
van der Brink	Dutch
Jacques	Belgian
McBride	American
Rashid	Indian
Zomer	Dutch
Watts	American
Bray	American
Louis	Belgian
Nhete	Zimbabwean
Betti	Italian
Makawa	Zimbabwean
Chitsa	Zimbabwean
Mkwananzi	Zimbabwean
Kort	Dutch
Grilli	Italian
Muchimba	Zimbabwean
Daimary	Indian
Deville	Belgian
Gotora	Zimbabwean
de Vreese	Belgian
Rook	Dutch
Walton	American
Vandenabeele	Belgian
Matagne	Belgian
Duncan	American
Paik	Indian
Padhan	Indian
Pawandiwa	Zimbabwean
Vervaet	Belgian
Dijkman	Dutch
Masunda	Zimbabwean
Adak	Indian
Babu	Indian
di Maio	Italian
Zanoni	Italian
Masukume	Zimbabwean
Makanda	Zimbabwean
Griffin	American
Anand	Indian
Kambale	Indian
Schoenmakers	Dutch
Fiorillo	Italian
Neyt	Belgian
Rahman	Indian
Roberts	American
Drent	Dutch
Mbofana	Zimbabwean
Pulvirenti	Italian
Bhil	Indian
Jere	Zimbabwean
Marchesini	Italian
van Rijn	Dutch
Bus	Dutch
Bastiaens	Belgian
Benetti	Italian
Stark	American
Tanghe	Belgian
Bryan	American
Hoogendoorn	Dutch
Mashonga	Zimbabwean
Kujur	Indian
Graves	American
Masendeke	Zimbabwean
Moulin	Belgian
van der Sluis	Dutch
Zimuto	Zimbabwean
Howe	American
Masiero	Italian
Devre	Indian
Bergamini	Italian
Antoine	Belgian
Allard	Belgian
Ramani	Indian
Verwimp	Belgian
Yasa	Indian
Huygens	Belgian
Hama	Zimbabwean
Kutty	Indian
Bhuiya	Indian
Vanneste	Belgian
Shoniwa	Zimbabwean
Giudici	Italian
Spence	American
de Maesschalck	Belgian
Dangar	Indian
Salvati	Italian
Lal	Indian
Kent	American
Gutu	Zimbabwean
Karan	Indian
Kruithof	Dutch
Bijl	Dutch
Vassallo	Italian
de Kort	Dutch
Grandi	Italian
Sodha	Indian
Jain	Indian
Kolk	Dutch
Vinke	Dutch
Cross	American
Privitera	Italian
Pandit	Indian
Venditti	Italian
Ngoshi	Zimbabwean
Kanwar	Indian
van der Elst	Belgian
Kaur	Indian
Abbate	Italian
Vi	Indian
de Coster	Belgian
Chemhere	Zimbabwean
Rokade	Indian
Chivasa	Zimbabwean
Colson	Belgian
Verhelst	Belgian
Shields	American
Swinkels	Dutch
Verbraeken	Belgian
Atzori	Italian
Chamunorwa	Zimbabwean
Sanford	American
Thapa	Indian
van der Zee	Dutch
Bellini	Italian
van Laere	Belgian
Bosch	Dutch
Galle	Belgian
Lambrechts	Belgian
Donker	Dutch
Mashumba	Zimbabwean
Scott	American
Vanlerberghe	Belgian
Bianchi	Italian
Diels	Belgian
Cuvelier	Belgian
Choudhary	Indian
Rottiers	Belgian
De	Indian
Deprez	Belgian
Alfano	Italian
Pierre	Belgian
Veenstra	Dutch
Henderson	American
Paoletti	Italian
Valcke	Belgian
di Domenico	Italian
Mangwende	Zimbabwean
Lupahla	Zimbabwean
Whitehead	American
Chambers	American
Mukherjee	Indian
Musiyiwa	Zimbabwean
Steen	Dutch
Sahu	Indian
Nocera	Italian
Coffey	American
Cauhan	Indian
Pita	Indian
Krijnen	Dutch
Koole	Dutch
Marowa	Zimbabwean
Chimedza	Zimbabwean
Savanhu	Zimbabwean
Gurung	Indian
Gallagher	American
Puddu	Italian
van Renterghem	Belgian
Hoffman	American
Cerutti	Italian
de Graaff	Dutch
Marchi	Italian
Matambo	Zimbabwean
Negi	Indian
van de Ven	Dutch
D'Amico	Italian
Chavhan	Indian
Maloney	American
Kapur	Indian
Andrade	American
Duchateau	Belgian
Mulder	Dutch
Bowen	American
Tagara	Zimbabwean
de Bruijn	Dutch
Nduna	Zimbabwean
Paswan	Indian
Dumani	Zimbabwean
Weaver	American
Mudenda	Zimbabwean
Vermeersch	Belgian
Carpenter	American
Maldonado	American
Mhembere	Zimbabwean
Matsilele	Zimbabwean
Delvaux	Belgian
Mali	Indian
Strickland	American
Mhaka	Zimbabwean
Ngorima	Zimbabwean
Matope	Zimbabwean
Casati	Italian
Boulanger	Belgian
Sing	Indian
Mule	Indian
Das	Indian
Spagnolo	Italian
Nagtegaal	Dutch
Salunkhe	Indian
Chaitezvi	Zimbabwean
Kuipers	Dutch
Mungate	Zimbabwean
Kane	American
Nijkamp	Dutch
Sabatino	Italian
Kapfunde	Zimbabwean
Nhemachena	Zimbabwean
Chidziva	Zimbabwean
Hazra	Indian
Heath	American
Mashiri	Zimbabwean
Mudzinganyama	Zimbabwean
Murehwa	Zimbabwean
Porta	Italian
Tizora	Zimbabwean
Kumhar	Indian
Ci	Indian
Kshirsagar	Indian
Postma	Dutch
Aakula	Indian
Simonis	Belgian
Nhongo	Zimbabwean
Huynh	American
Pande	Indian
van Zanten	Dutch
Kesteloot	Belgian
Calhoun	American
van Tol	Dutch
Lad	Indian
Dasai	Indian
Greene	American
Sahoo	Indian
Ferraro	Italian
Gurram	Indian
Chibwe	Zimbabwean
Jimu	Zimbabwean
Chander	Indian
Newton	American
Verheijen	Dutch
Rosati	Italian
Colpaert	Belgian
van Gelderen	Dutch
Hansda	Indian
Weiss	American
Bhobho	Zimbabwean
Tlou	Zimbabwean
Pena	American
Reitsma	Dutch
Kuypers	Dutch
Rocchi	Italian
Underwood	American
Gerard	Belgian
Gaur	Indian
Vyncke	Belgian
Cecere	Italian
Gentile	Italian
Haney	American
de Roos	Dutch
Pattyn	Belgian
Bah	Belgian
Cecchi	Italian
Montgomery	American
Katar	Indian
Hogan	American
Baas	Dutch
Vegam	Indian
Burch	American
Chaudhary	Indian
Wright	American
Parent	Belgian
Tarantino	Italian
Kerremans	Belgian
Mahembe	Zimbabwean
Marecha	Zimbabwean
Chaurasiya	Indian
Polfliet	Belgian
Martelli	Italian
Veldhuizen	Dutch
Schram	Dutch
Rane	Indian
Persoons	Belgian
Valle	Italian
Guido	Italian
Tauzeni	Zimbabwean
Wester	Dutch
Smit	Dutch
Pirson	Belgian
Hampton	American
Schultz	American
Kadam	Indian
Pesenti	Italian
Chizanga	Zimbabwean
Roest	Dutch
Wassink	Dutch
Silva	American
Renson	Belgian
Goyvaerts	Belgian
Kwaramba	Zimbabwean
Dolai	Indian
Pegu	Indian
Ferri	Italian
Sakala	Zimbabwean
Robbins	American
Padvi	Indian
Redaelli	Italian
Orban	Belgian
de Maeyer	Belgian
Ravi	Indian
Wagemans	Belgian
Zindoga	Zimbabwean
Mutandwa	Zimbabwean
Hunt	American
Chirongoma	Zimbabwean
Woudstra	Dutch
van Kessel	Dutch
Marimo	Zimbabwean
Choi	American
Guillaume	Belgian
Chigariro	Zimbabwean
Dzapasi	Zimbabwean
Braam	Dutch
Mahachi	Zimbabwean
Grasso	Italian
Ziki	Zimbabwean
Monaco	Italian
van Straten	Dutch
Bariy	Indian
D'Amore	Italian
Frank	American
Schot	Dutch
Baral	Indian
Demeyere	Belgian
Mollya	Indian
Laenen	Belgian
Saiyad	Indian
Beernaert	Belgian
D'Angelo	Italian
Tafirenyika	Zimbabwean
Maffei	Italian
Gobert	Belgian
Gavaza	Zimbabwean
Cambier	Belgian
Magni	Italian
Pirotte	Belgian
Marotta	Italian
Madzivanyika	Zimbabwean
Cordier	Belgian
Madden	American
Machipisa	Zimbabwean
Chinoda	Zimbabwean
Tazvivinga	Zimbabwean
Madamombe	Zimbabwean
Meher	Indian
Middelkoop	Dutch
Gurav	Indian
Righi	Italian
Motsi	Zimbabwean
Ndiweni	Zimbabwean
Miya	Indian
Costantino	Italian
Kale	Indian
Ferro	Italian
Carboni	Italian
Golden	American
Olivieri	Italian
Reale	Italian
de Smedt	Belgian
Kouwenhoven	Dutch
Cardinali	Italian
Fritz	American
McCann	American
Berckmans	Belgian
Murphy	American
Verbrugghe	Belgian
Nuyts	Belgian
Timmer	Dutch
de Martino	Italian
Hoekman	Dutch
Pasquali	Italian
Mawoyo	Zimbabwean
Lorenzon	Italian
Frey	American
Holden	American
Mayo	American
D'Auria	Italian
van Duin	Dutch
van Meurs	Dutch
Na	Indian
Goredema	Zimbabwean
Bossuyt	Belgian
Matare	Zimbabwean
West	American
Favaro	Italian
van der Berg	Dutch
Bhan	Indian
Espinoza	American
Pollet	Belgian
Gazi	Indian
Ga	Indian
Demol	Belgian
Conti	Italian
Cremonesi	Italian
Marini	Italian
Thienpont	Belgian
Ganjhu	Indian
Dulari	Indian
Piscopo	Italian
Chitiyo	Zimbabwean
Muranganwa	Zimbabwean
Matutu	Zimbabwean
de Lange	Dutch
van der Ven	Dutch
Murgia	Italian
Vurayayi	Zimbabwean
Erickson	American
Biswas	Indian
Philips	Belgian
Oskam	Dutch
Chari	Zimbabwean
Benini	Italian
Swerts	Belgian
van der Boom	Dutch
Chiradza	Zimbabwean
van der Meijden	Dutch
Senapati	Indian
Lefèvre	Belgian
Townsend	American
McLaughlin	American
Englebert	Belgian
Magadzire	Zimbabwean
Dhumal	Indian
Hof	Dutch
Agrawal	Indian
Groeneweg	Dutch
Shaikh	Indian
Thakor	Indian
Magombedze	Zimbabwean
van der Borght	Belgian
Santiago	American
Msimanga	Zimbabwean
Marume	Zimbabwean
Jordan	American
Khade	Indian
Madar	Indian
Chinhema	Zimbabwean
de Ruiter	Dutch
Mushaninga	Zimbabwean
Belmans	Belgian
Vanderlinden	Belgian
Morello	Italian
Lahaye	Belgian
Mathis	American
Borrelli	Italian
Munhenga	Zimbabwean
Schouten	Dutch
Giannone	Italian
Tomar	Indian
Muranda	Zimbabwean
Chan	American
Patar	Indian
Rathav	Indian
York	American
del Vecchio	Italian
Jeke	Zimbabwean
Mashonganyika	Zimbabwean
Corsi	Italian
Barton	American
Pedzisai	Zimbabwean
Sk	Indian
Luphahla	Zimbabwean
La Rosa	Italian
Maramba	Zimbabwean
Feenstra	Dutch
Frederick	American
Mukucha	Zimbabwean
Woods	American
Tina	Indian
van Bakel	Dutch
Carli	Italian
Brons	Dutch
Mudzingwa	Zimbabwean
Richmond	American
Sethi	Indian
Floyd	American
Deshpandey	Indian
Marisa	Zimbabwean
Nyakudya	Zimbabwean
Barten	Dutch
Modak	Indian
Zambuko	Zimbabwean
Tambe	Indian
Rosa	Italian
Osborne	American
Deshmukh	Indian
Munatsi	Zimbabwean
Spina	Italian
Balsamo	Italian
Horn	American
Magaya	Zimbabwean
Nieuwenhuis	Dutch
Bauduin	Belgian
Taal	Dutch
Perini	Italian
Chisvo	Zimbabwean
Zucca	Italian
Mudzamiri	Zimbabwean
Thorat	Indian
Godart	Belgian
Carver	American
de Rijk	Dutch
Castillo	American
Nieuwenhuizen	Dutch
Chowdhury	Indian
Durant	Belgian
Thakur	Indian
Marangon	Italian
Viviani	Italian
Jimenez	American
Pellegrino	Italian
Lorenzi	Italian
Chikosha	Zimbabwean
Malakar	Indian
Guglielmi	Italian
Suresh	Indian
Dalei	Indian
Mercado	American
Baars	Dutch
Vecchi	Italian
Bonetti	Italian
Teli	Indian
Knol	Dutch
Jana	Indian
Magnani	Italian
Verdonck	Belgian
Mondal	Indian
Rombaut	Belgian
Spierings	Dutch
Bansal	Indian
Reyes	American
Izzo	Italian
Bartels	Dutch
Nijman	Dutch
Bhattacharjee	Indian
Verschueren	Belgian
Fatima	Indian
Klooster	Dutch
Hosen	Indian
Conrad	American
Antonelli	Italian
Holmes	American
Francesconi	Italian
Braun	American
Purohit	Indian
Huyghe	Belgian
Gomba	Zimbabwean
Mugova	Zimbabwean
van Vaerenbergh	Belgian
Lowe	American
Bha	Indian
Bird	American
Mandava	Zimbabwean
Mutami	Zimbabwean
Downs	American
Shabar	Indian
Heyvaert	Belgian
de Groot	Dutch
Dava	Indian
Qureshi	Indian
Lodi	Italian
Romanelli	Italian
Brooks	American
Mafunga	Zimbabwean
Marchal	Belgian
Myers	American
Catania	Italian
Sutton	American
Dhage	Indian
Dlodlo	Zimbabwean
Polman	Dutch
Hagen	Dutch
Tigere	Zimbabwean
Christiaens	Belgian
Verheyden	Belgian
Tsiga	Zimbabwean
Hoff	Dutch
Fantoni	Italian
Schaap	Dutch
Spencer	American
Gohal	Indian
Evangelista	Italian
Ade	Indian
de Stefano	Italian
Kaplan	American
Valeri	Italian
Davidson	American
Puri	Indian
Travis	American
van Droogenbroeck	Belgian
Mays	American
Jadav	Indian
Wessels	Dutch
Lakra	Indian
Rajaput	Indian
Dhara	Indian
Johnston	American
Takawira	Zimbabwean
Chidembo	Zimbabwean
Sironi	Italian
Gaikwad	Indian
Harrison	American
Pagano	Italian
Serra	Italian
La Rocca	Italian
van der Vegt	Dutch
Trapani	Italian
Delaere	Belgian
Kolkman	Dutch
Casini	Italian
Reniers	Belgian
Laxmi	Indian
Kamminga	Dutch
Ram	Indian
Shirke	Indian
Vanhaverbeke	Belgian
Valdez	American
Lievens	Belgian
Bishop	American
Harvey	American
Franklin	American
Bhunu	Zimbabwean
Salim	Indian
Leach	American
Orlando	Italian
Pasipamire	Zimbabwean
van Doorn	Dutch
Rousseau	Belgian
Fowler	American
Suthar	Indian
Bremer	Dutch
Morse	American
van Egmond	Dutch
Festa	Italian
Miedema	Dutch
Leeuwen	Dutch
Bryant	American
Nyahuma	Zimbabwean
Tommasi	Italian
Dumortier	Belgian
Da	Indian
Mwinde	Zimbabwean
Vaes	Belgian
Khupe	Zimbabwean
Philippart	Belgian
Galasso	Italian
Robinson	American
Martucci	Italian
Mazhambe	Zimbabwean
Gond	Indian
Philippe	Belgian
Martella	Italian
Lombardo	Italian
Michaux	Belgian
Vilain	Belgian
Volpe	Italian
Boonen	Belgian
Bautista	American
Tapfuma	Zimbabwean
Forbes	American
Tran	American
Gaud	Indian
Dzenga	Zimbabwean
Smink	Dutch
de Jaeger	Belgian
Maunganidze	Zimbabwean
Jamadar	Indian
Coucke	Belgian
Baan	Dutch
Boni	Italian
Haldar	Indian
Medhi	Indian
Olsen	American
Slagter	Dutch
Castagna	Italian
Khanna	Indian
Bouchez	Belgian
de Geyter	Belgian
Vishvakarma	Indian
Dave	Indian
Rossetto	Italian
Matanga	Zimbabwean
Marquez	American
Cardon	Belgian
Maggio	Italian
Elzinga	Dutch
Bove	Italian
FitzPatrick	American
Snyder	American
Masenda	Zimbabwean
Morrison	American
Wilcox	American
van Loock	Belgian
McKinney	American
Sayyad	Indian
Ramaekers	Belgian
Cervantes	American
Gwenzi	Zimbabwean
van Zon	Dutch
Mereu	Italian
Muchenje	Zimbabwean
Salunke	Indian
Nkomazana	Zimbabwean
Bruin	Dutch
Bielen	Belgian
Bartolini	Italian
Chang	American
Mavhura	Zimbabwean
Verhoeff	Dutch
McFarland	American
Sonkar	Indian
Ellison	American
Verstegen	Dutch
Wani	Indian
Castellano	Italian
Mazzoni	Italian
Castelli	Italian
Mugadza	Zimbabwean
Banda	Zimbabwean
Satpute	Indian
Mahlangu	Zimbabwean
Chitanda	Zimbabwean
Storm	Dutch
Lemaire	Belgian
Ortiz	American
van der Lee	Dutch
Casiraghi	Italian
Baloyi	Zimbabwean
Chizema	Zimbabwean
Amin	Indian
Hutchinson	American
van der Sande	Dutch
D'Urso	Italian
Sau	Indian
Nyamayaro	Zimbabwean
Chhetri	Indian
Duran	American
Musengi	Zimbabwean
Faes	Belgian
Bridges	American
Makina	Zimbabwean
Laurent	Belgian
Borst	Dutch
Bharavad	Indian
Brunelli	Italian
Cocchi	Italian
Mohan	Indian
Parween	Indian
Vincenzi	Italian
Ugolini	Italian
Torrisi	Italian
Sih	Indian
Estes	American
Mafu	Zimbabwean
Dhal	Indian
Chiremba	Zimbabwean
Radice	Italian
Valenti	Italian
Perkins	American
van Uden	Dutch
Mabena	Zimbabwean
Haque	Indian
Tagarira	Zimbabwean
Kirby	American
Kurmi	Indian
Ngwerume	Zimbabwean
Ruggiero	Italian
Vinci	Italian
van Klaveren	Dutch
Bonato	Italian
Tomaselli	Italian
Mauro	Italian
Gabriels	Belgian
Modi	Indian
Mutanda	Zimbabwean
Tirivanhu	Zimbabwean
Chipunza	Zimbabwean
Laloux	Belgian
Shoriwa	Zimbabwean
Chaupal	Indian
Dudley	American
van der Ende	Dutch
de Bock	Belgian
de Moor	Belgian
Joshi	Indian
Meuleman	Belgian
Pearce	American
Chirico	Italian
Aira	Indian
Williams	American
Khandare	Indian
Paris	Italian
Ware	American
Lamani	Indian
Noël	Belgian
Palumbo	Italian
Moyer	American
Keppens	Belgian
Balcaen	Belgian
Arts	Dutch
Laeremans	Belgian
Krishna	Indian
Hamadziripi	Zimbabwean
Rani	Indian
Broeders	Dutch
Gibson	American
Rai	Indian
Lefebvre	Belgian
Caughari	Indian
Carpentier	Belgian
Mukono	Zimbabwean
van der Zwan	Dutch
Kashiri	Zimbabwean
Delattre	Belgian
Zuze	Zimbabwean
Snider	American
Mushangwe	Zimbabwean
Phillips	American
Cimino	Italian
Chimbwanda	Zimbabwean
Terrell	American
Kok	Dutch
van der Putten	Dutch
Gherardi	Italian
Matthys	Belgian
Mercier	Belgian
Sanna	Italian
Kerr	American
Bahadur	Indian
Smet	Belgian
Dondo	Zimbabwean
Marchesi	Italian
Sigauke	Zimbabwean
Michiels	Belgian
Pandey	Indian
Zindi	Zimbabwean
Tandel	Indian
Paradiso	Italian
Provoost	Belgian
Shekhar	Indian
van Hees	Dutch
Bambhaniy	Indian
Masaiti	Zimbabwean
Harijan	Indian
Morgan	American
Bar	Indian
Maertens	Belgian
Kazingizi	Zimbabwean
Traverso	Italian
Garza	American
Cherubini	Italian
Dean	American
Cantrell	American
Etienne	Belgian
Sai	Indian
van Daele	Belgian
Coppola	Italian
Mamvura	Zimbabwean
Sterckx	Belgian
Vati	Indian
van Kerckhoven	Belgian
Bono	Italian
Altena	Dutch
Heylen	Belgian
Kwangware	Zimbabwean
Morales	American
Musa	Zimbabwean
Dumba	Zimbabwean
van Buren	Dutch
Kaseke	Zimbabwean
Mumpande	Zimbabwean
Pelgrims	Belgian
Saw	Indian
Lake	American
Dierckx	Belgian
Preston	American
Pitts	American
van Herck	Belgian
Palmisano	Italian
Mastroianni	Italian
Beasley	American
Mkandla	Zimbabwean
Oosting	Dutch
Talapad	Indian
Claerhout	Belgian
Chando	Zimbabwean
Mususa	Zimbabwean
Jansma	Dutch
Gope	Indian
Sonck	Belgian
Calabro	Italian
Hollander	Dutch
van der Mark	Dutch
Pacheco	American
Scheers	Belgian
Landman	Dutch
Jager	Dutch
Perry	American
Zwaan	Dutch
Crombez	Belgian
Mardi	Indian
Majuru	Zimbabwean
Ruiter	Dutch
Decker	American
Doley	Indian
Broers	Dutch
Spaans	Dutch
Degryse	Belgian
Eva	Indian
Barot	Indian
Gibbs	American
van Grinsven	Dutch
Patterson	American
Poggi	Italian
Nagar	Indian
Chipere	Zimbabwean
Ara	Indian
Taruvinga	Zimbabwean
Jonkers	Dutch
Hoogenboom	Dutch
Peck	American
Klaassen	Dutch
D'Hondt	Belgian
Clements	American
Chingoma	Zimbabwean
Katta	Indian
Gosai	Indian
Bass	American
Hoekstra	Dutch
Kulakarni	Indian
Hoornaert	Belgian
McCoy	American
Struik	Dutch
Casier	Belgian
Mahoney	American
Raul	Indian
Dodson	American
Martinelli	Italian
Schoemaker	Dutch
Vishwakarma	Indian
Dalal	Indian
de Laet	Belgian
Machaka	Zimbabwean
Chibvongodze	Zimbabwean
van der Weide	Dutch
Declercq	Belgian
Savio	Italian
Sannino	Italian
Ibarra	American
Baldini	Italian
Crosby	American
di Matteo	Italian
Chasara	Zimbabwean
Rwodzi	Zimbabwean
Broek	Dutch
Bertrand	Belgian
Boers	Dutch
van der Heiden	Dutch
di Giacomo	Italian
Rath	Indian
Caudron	Belgian
Maponga	Zimbabwean
Geeraerts	Belgian
Mguni	Zimbabwean
Kufa	Zimbabwean
de Brouwer	Dutch
Masi	Italian
Wesselink	Dutch
Shrivastav	Indian
Masiyiwa	Zimbabwean
Schoofs	Belgian
Cipolla	Italian
Collins	American
Yang	American
Barbero	Italian
Machiels	Belgian
Dikshit	Indian
Imbayago	Zimbabwean
Dekkers	Dutch
Huff	American
van Rijswijk	Dutch
Gohil	Indian
Muchineripi	Zimbabwean
Mutema	Zimbabwean
Muleya	Zimbabwean
Federici	Italian
Wesseling	Dutch
Gagliano	Italian
de Munck	Belgian
Cortez	American
Griffioen	Dutch
Baraiy	Indian
Mahata	Indian
Ghezzi	Italian
Denis	Belgian
Majumdar	Indian
Zvomuya	Zimbabwean
Raja	Indian
Mandishona	Zimbabwean
Hajara	Indian
Kamudyariwa	Zimbabwean
Hodzi	Zimbabwean
Culot	Belgian
van der Zanden	Dutch
Wilkins	American
Scholten	Dutch
Makonese	Zimbabwean
Zaccaria	Italian
de Coninck	Belgian
Giorgi	Italian
Colombi	Italian
Vanhoutte	Belgian
Delrue	Belgian
Dash	Indian
Owens	American
Moscatelli	Italian
Verhagen	Dutch
Carminati	Italian
Majhi	Indian
Hlabangana	Zimbabwean
Babar	Indian
Sihan	Indian
Bariha	Indian
D'Haese	Belgian
Kuresi	Indian
Hirajan	Indian
Bekker	Dutch
Delfosse	Belgian
Gagliardi	Italian
Daka	Zimbabwean
Munjoma	Zimbabwean
Adhikary	Indian
Lakshmi	Indian
Brewer	American
Gozzi	Italian
Mashingaidze	Zimbabwean
Rabha	Indian
Dhangar	Indian
Campagna	Italian
Marime	Zimbabwean
Vheremu	Zimbabwean
Bailey	American
Bianco	Italian
Vranken	Belgian
Ferguson	American
Spinelli	Italian
Ma	Indian
Hol	Dutch
de Goede	Dutch
Caudhar	Indian
Wijnands	Dutch
Tielemans	Belgian
Gillet	Belgian
Moortgat	Belgian
Broeckx	Belgian
Panda	Indian
Jonckheere	Belgian
Casadei	Italian
Mancuso	Italian
Vannini	Italian
Muponda	Zimbabwean
Verheul	Dutch
Dini	Italian
Zvidzai	Zimbabwean
van der Molen	Dutch
Sanfilippo	Italian
Jubane	Zimbabwean
Landage	Indian
Visser	Dutch
Ambrosini	Italian
Singha	Indian
Diaz	American
McGrath	American
Tack	Belgian
Goud	Indian
Mazuru	Zimbabwean
Dhali	Indian
Jarvis	American
Holder	American
Bharati	Indian
van Laethem	Belgian
Oosterhuis	Dutch
Mazorodze	Zimbabwean
Chigova	Zimbabwean
Baske	Indian
Anciaux	Belgian
Panzeri	Italian
Panchal	Indian
Garofalo	Italian
Mosley	American
Rollins	American
Douglas	American
Campo	Italian
Kachidza	Zimbabwean
Oudshoorn	Dutch
Wheeler	American
Case	American
Liguori	Italian
Pauwels	Belgian
Glover	American
van Belle	Belgian
Parker	American
Mpande	Zimbabwean
Posthumus	Dutch
Renna	Italian
Reeves	American
Finley	American
Giordano	Italian
Nyama	Zimbabwean
Capuano	Italian
Kashyap	Indian
Gallo	Italian
de Simone	Italian
Baishya	Indian
Callens	Belgian
Hood	American
Archer	American
Pepe	Italian
Barbato	Italian
van Veen	Dutch
Anelli	Italian
Marufu	Zimbabwean
